Date,ASM,AUS,BRN,CHN,COK,FJI,FSM,GUM,HKG,IDN,JPN,KHM,KIR,KOR,LAO,MAC,MHL,MMR,MNG,MNP,MYS,NCL,NRU,NZL,PHL,PLW,PNG,PRK,PYF,SGP,SLB,THA,TLS,TON,TUV,TWN,VNM,VUT,WSM,ALB,AND,ARM,AUT,AZE,BEL,BGR,BIH,BLR,CHE,CYP,CZE,DEU,DNK,ESP,EST,FIN,FRA,FRO,GBR,GEO,GIB,GRC,GRL,HRV,HUN,IMN,IRL,ISL,ITA,KAZ,KGZ,LIE,LTU,LUX,LVA,MCO,MDA,MKD,MNE,NLD,NOR,POL,PRT,ROU,RUS,SMR,SRB,SVK,SVN,SWE,TJK,TKM,TUR,UKR,UZB,ABW,ARG,ATG,BHS,BLZ,BOL,BRA,BRB,CHL,COL,CRI,CUB,CUW,CYM,DMA,DOM,ECU,GRD,GTM,GUY,HND,HTI,JAM,KNA,LCA,MAF,MEX,NIC,PAN,PER,PRI,PRY,SLV,SUR,SXM,TCA,TTO,URY,VCT,VEN,VGB,VIR,ARE,BHR,DJI,DZA,EGY,IRN,IRQ,ISR,JOR,KWT,LBN,LBY,MAR,MLT,OMN,PSE,QAT,SAU,SYR,TUN,YEM,BMU,CAN,USA,AFG,BGD,BTN,IND,LKA,MDV,NPL,PAK,AGO,BDI,BEN,BFA,BWA,CAF,CIV,CMR,COD,COG,COM,CPV,ERI,ETH,GAB,GHA,GIN,GMB,GNB,GNQ,KEN,LBR,LSO,MDG,MLI,MOZ,MRT,MUS,MWI,NAM,NER,NGA,RWA,SDN,SEN,SLE,SOM,SSD,STP,SWZ,SYC,TCD,TGO,TZA,UGA,ZAF,ZMB,ZWE
2018-10,529.03,55.39,878.73,157.23,306.18,381.69,827.48,744.4,320.81,723.51,447.15,614.43,169.95,263.63,478.55,374.79,792.46,591.65,43.13,674.44,829.18,147.91,343.18,421.64,714.6,732.69,836.68,221.66,285.15,636.88,831.18,517.62,138.7,299.89,595.78,625.37,652.11,345.88,582.91,342.41,222.32,165.18,264.71,160.39,213.71,150.64,297.03,185.92,360.34,84.12,172.6,202.45,230.72,178.09,216.97,195.46,246.63,355.11,279.33,293.14,195.85,196.55,119.27,309.03,158.09,353.26,289.75,408.48,284.88,80.65,193.33,391.73,196.94,220.29,210.25,252.26,115.31,165.2,430.28,221.54,389.51,172.73,214.95,157.11,163.61,245.0,162.17,186.07,352.74,216.11,127.95,25.38,143.81,141.63,41.22,291.62,199.37,348.89,344.73,564.17,309.27,324.35,404.97,313.9,857.85,1226.53,329.98,347.68,473.7,406.59,332.28,575.24,434.45,653.35,280.57,590.4,312.21,394.73,335.24,344.0,346.18,247.76,600.51,1128.18,460.79,376.03,365.95,590.91,165.34,345.99,318.91,425.88,320.04,425.2,511.39,368.27,388.37,0.53,2.02,54.25,13.8,1.83,39.57,30.25,28.11,7.2,13.09,100.9,2.92,69.43,155.9,1.06,46.22,1.22,6.47,40.05,55.0,28.85,391.63,190.52,193.9,36.42,468.6,564.09,251.01,654.09,608.28,345.69,54.02,287.74,564.08,316.95,183.86,66.65,514.13,402.7,606.54,604.16,526.77,122.46,81.35,64.61,297.62,629.26,358.66,613.67,300.07,517.47,964.49,198.66,706.46,298.32,180.87,78.53,96.45,23.22,121.38,129.05,33.4,16.11,330.43,497.41,72.71,217.21,867.87,117.47,406.13,448.23,225.4,270.94,76.28,411.95,182.12,538.02,129.17,151.5,98.4
2019-01,918.75,205.0,748.33,60.92,596.27,824.97,655.07,230.7,98.94,905.86,290.42,42.26,317.22,114.41,53.65,102.0,436.25,50.54,4.93,200.22,686.15,474.88,548.55,380.2,400.43,630.36,1143.42,86.88,525.21,521.76,1056.64,59.62,796.52,557.36,931.09,378.55,156.42,710.16,975.06,419.24,211.53,123.64,217.52,109.06,233.75,175.56,310.62,152.38,331.97,189.31,157.27,210.42,193.55,185.44,155.74,130.77,251.76,341.61,268.36,289.9,277.37,285.15,102.31,282.29,144.44,314.16,294.15,409.69,251.46,79.43,124.37,367.35,165.0,244.4,161.52,246.44,116.35,196.01,495.94,218.42,319.58,157.53,290.11,155.55,85.26,239.2,178.29,162.13,254.8,157.95,205.39,64.86,243.35,143.36,89.65,132.87,288.42,124.79,136.98,242.67,685.74,667.07,136.61,304.92,514.95,376.99,86.93,164.23,115.04,184.18,130.36,874.84,166.67,182.65,279.29,200.0,94.24,130.25,126.07,134.27,117.73,70.58,168.75,328.9,738.15,127.48,464.76,11.57,314.07,117.93,134.9,197.4,320.19,146.15,195.24,124.97,124.5,15.94,35.94,30.19,15.87,2.95,116.17,99.44,114.0,35.07,60.12,276.5,5.46,81.14,191.26,4.78,182.48,30.1,16.86,107.06,62.58,8.44,355.97,117.15,190.16,132.39,25.72,226.46,44.38,388.24,346.2,123.98,71.79,530.28,745.28,19.33,0.56,259.52,42.85,97.53,117.11,521.47,457.69,629.71,2.2,46.7,49.68,674.49,70.42,15.55,0.63,0.47,682.99,138.61,220.26,503.57,825.98,0.35,541.5,0.82,441.96,830.5,189.21,0.04,27.18,526.7,1.7,0.59,61.79,18.44,28.99,528.81,409.71,514.05,0.04,43.44,527.51,290.55,229.44,716.73,454.77
2019-04,613.69,92.8,737.17,197.77,511.33,568.9,731.62,222.21,430.74,866.48,407.47,330.66,401.56,268.66,388.52,419.95,487.21,327.09,49.86,168.22,667.32,397.1,583.69,359.19,358.82,518.59,1075.45,214.86,385.21,533.94,945.36,306.41,508.63,478.9,811.22,587.49,360.62,603.78,630.06,322.69,274.58,334.04,315.65,210.54,236.38,225.55,332.37,174.48,419.18,87.18,206.78,227.01,170.76,185.93,150.26,136.76,260.12,250.85,234.8,367.23,139.14,190.35,85.24,281.82,179.5,210.17,251.8,305.48,259.89,94.35,278.58,488.58,173.78,242.91,165.31,209.96,161.32,214.94,408.1,201.83,256.23,185.77,198.32,235.26,123.83,201.58,225.84,214.04,333.08,156.39,280.49,74.51,236.75,168.1,104.31,85.43,200.2,131.02,161.09,214.91,346.04,552.02,118.19,346.43,1020.73,492.67,179.85,112.57,126.33,155.96,272.95,1028.6,134.59,286.06,468.64,242.85,235.17,237.37,128.45,130.36,134.98,81.14,223.03,564.09,623.5,234.25,365.45,227.77,503.24,134.96,143.48,169.96,309.91,126.11,532.36,146.54,147.68,9.49,9.47,58.61,16.04,0.71,92.96,66.33,43.12,14.09,28.28,162.62,2.47,74.36,50.85,5.67,71.04,11.17,14.95,72.0,51.27,30.4,311.73,132.48,213.0,146.39,527.47,658.99,116.96,341.7,406.28,261.8,90.02,287.51,677.45,219.94,77.49,68.27,336.28,348.97,469.27,493.33,482.2,402.94,0.92,45.58,287.32,615.87,292.85,211.56,0.8,10.38,864.85,273.21,610.2,208.1,286.91,13.39,186.76,0.57,309.03,361.05,64.65,1.87,204.14,572.0,17.05,2.56,398.69,126.78,259.69,438.96,158.93,385.83,24.23,313.09,413.68,574.34,114.13,208.15,94.74
2019-07,309.75,44.76,672.99,401.1,241.76,244.27,946.45,706.66,858.25,584.89,619.94,728.16,273.47,664.72,1007.71,851.4,770.81,1350.71,161.3,612.99,601.54,229.5,445.9,394.55,859.88,924.23,732.72,674.17,179.22,540.98,792.31,683.92,118.5,259.73,614.86,1099.48,787.03,302.48,330.07,146.1,253.09,239.82,428.0,125.15,223.09,201.36,266.08,247.96,494.4,1.94,275.06,254.94,217.8,82.57,246.66,248.1,197.36,198.91,229.85,359.03,9.23,77.07,111.73,234.96,199.39,188.43,234.83,262.55,188.51,82.67,324.17,669.12,246.97,221.34,244.04,87.4,205.34,141.46,237.92,229.43,336.6,258.89,43.16,265.17,236.13,163.38,204.52,269.42,367.53,266.38,125.82,3.52,73.73,203.15,12.1,98.14,104.44,230.22,273.83,547.85,98.86,175.75,367.37,449.4,980.65,1161.49,335.1,183.84,275.25,310.03,278.18,568.1,438.95,692.69,678.31,556.21,243.36,296.0,221.48,285.15,209.87,361.31,660.03,1127.61,264.63,271.85,179.47,622.89,556.9,209.79,162.53,529.52,268.13,377.42,844.24,230.9,256.36,0.41,0.02,70.4,3.8,0.05,11.8,0.33,1.18,0.12,0.03,2.35,0.17,17.0,1.83,2.29,1.06,0.05,3.0,0.88,8.07,55.08,348.96,222.16,211.56,31.99,1195.23,1837.04,720.19,288.97,504.89,1283.57,184.89,3.98,79.97,565.58,400.89,0.73,580.08,488.05,648.15,245.63,214.52,90.73,43.23,184.45,409.78,166.86,451.38,971.75,487.67,876.63,524.19,121.84,791.81,60.65,71.84,181.03,23.73,30.33,115.85,25.24,0.56,81.06,571.27,78.78,144.71,325.54,1275.96,21.49,506.32,84.58,43.49,160.68,237.44,597.64,30.38,391.36,36.75,0.6,6.12
2019-10,551.42,61.74,888.61,159.54,317.26,452.29,815.61,731.0,338.08,765.3,458.53,605.91,145.93,255.75,464.8,367.09,780.93,602.3,47.38,691.92,844.24,178.99,259.08,419.45,719.3,713.76,856.35,228.26,271.56,682.84,851.15,518.54,157.65,316.88,563.5,563.16,639.45,419.9,586.19,379.68,225.88,163.48,270.52,165.62,204.97,163.92,313.43,176.03,379.18,67.66,175.02,204.82,226.99,176.75,209.53,197.29,242.25,332.66,275.3,308.13,188.49,207.71,125.5,318.5,164.67,347.12,287.04,408.84,289.6,80.48,182.25,416.09,192.84,219.01,205.23,276.46,124.31,181.78,472.23,216.09,383.9,170.74,212.31,166.81,160.99,252.45,171.28,183.29,365.02,212.05,118.15,22.09,143.28,144.95,38.27,309.6,188.61,344.92,335.79,551.87,313.99,328.1,419.55,313.03,867.28,1291.02,328.23,351.54,487.53,415.29,347.35,572.2,437.08,656.42,292.51,596.57,328.22,405.48,329.16,357.59,329.06,247.68,628.56,1164.91,463.67,371.66,367.63,608.09,180.28,328.67,299.58,438.83,304.24,432.46,528.69,354.07,371.75,0.37,1.28,52.54,14.45,1.58,34.93,25.27,24.75,6.47,10.91,81.83,2.72,71.57,165.02,0.81,41.64,0.82,5.7,32.45,57.5,27.43,402.75,194.55,197.31,32.52,485.49,569.71,257.68,639.63,635.25,343.44,50.94,279.52,547.63,307.67,178.17,65.12,512.82,399.56,605.94,593.18,527.1,112.78,71.35,61.37,283.62,630.24,353.04,610.9,296.83,522.5,972.57,182.46,706.13,305.19,182.03,77.63,89.03,22.17,119.93,113.96,32.23,15.52,323.78,483.89,70.54,214.34,858.51,105.56,402.3,426.84,237.74,250.94,74.78,399.03,169.2,519.39,128.68,141.22,91.75
2020-01,950.21,211.97,783.42,59.2,625.45,909.2,703.92,243.5,103.41,914.14,285.72,44.52,242.96,113.01,52.3,105.58,455.52,47.31,5.12,199.81,709.17,487.49,385.25,380.97,453.18,704.29,1149.77,90.9,531.44,531.15,1058.18,60.59,809.01,620.96,875.8,396.25,162.56,749.48,989.52,423.28,195.91,133.02,223.05,118.54,230.08,177.83,316.49,151.17,333.47,196.24,160.26,210.8,197.06,178.32,160.01,134.81,244.46,344.64,275.17,283.09,284.5,290.52,103.1,284.23,141.05,315.42,298.78,418.61,245.1,78.57,121.06,381.29,168.12,238.42,162.58,232.58,124.23,198.82,507.17,217.27,327.91,156.61,280.65,158.63,86.23,232.39,180.81,164.29,252.25,159.34,197.87,61.67,248.03,144.6,85.67,148.79,282.99,131.34,136.3,244.8,683.9,671.9,140.65,307.08,549.92,416.97,86.1,179.55,121.82,184.51,130.05,871.89,174.25,182.39,309.23,213.71,91.33,133.82,129.63,136.28,128.29,71.66,184.63,364.34,739.78,129.82,461.58,11.03,340.96,128.65,129.82,223.78,331.5,148.67,222.8,135.59,132.81,14.18,29.52,28.46,16.28,2.98,113.91,99.03,114.02,34.45,55.87,288.29,5.54,85.57,188.17,4.72,180.35,24.89,16.04,109.0,60.16,8.7,346.98,119.81,186.39,129.98,22.72,215.18,42.59,361.25,332.08,120.51,71.95,533.6,729.49,18.42,0.68,262.2,39.2,95.9,111.52,511.99,458.3,588.09,2.51,43.83,47.13,677.95,69.41,14.56,0.39,0.43,680.12,132.98,214.76,509.12,812.92,0.39,524.52,0.84,466.24,802.06,190.43,0.05,26.81,507.31,1.65,0.42,58.13,16.5,25.47,523.75,397.33,501.66,0.06,41.31,515.65,276.09,232.88,701.76,446.53
2020-04,641.71,98.12,779.98,199.01,504.75,610.42,772.2,235.86,451.96,871.98,415.55,373.28,367.59,270.85,416.16,451.28,505.7,347.15,51.8,182.44,700.69,396.07,468.45,372.43,407.68,544.37,1077.92,224.23,365.57,574.29,950.36,339.8,492.17,518.02,774.07,603.9,387.17,650.19,639.57,333.7,286.94,334.77,319.81,215.58,220.71,225.71,343.01,174.65,418.17,80.38,204.32,221.38,162.31,192.39,144.58,131.6,257.28,238.44,227.22,368.2,150.08,187.35,86.67,298.68,186.54,195.11,239.63,299.63,273.59,91.76,281.29,486.92,167.24,230.15,163.2,213.12,165.7,217.64,419.11,190.05,250.69,182.84,208.24,236.44,123.69,225.31,229.71,222.95,350.61,151.93,280.4,69.01,232.42,167.17,99.02,87.31,198.9,132.17,158.52,221.4,350.3,554.09,115.79,352.73,1032.88,531.47,198.68,117.19,132.01,151.56,301.46,1039.57,136.13,287.29,495.12,252.09,255.9,270.51,130.38,128.81,141.88,79.74,244.23,598.68,627.64,251.96,350.05,237.07,534.07,141.79,153.73,174.27,320.94,125.84,554.75,159.09,157.32,5.87,6.01,46.86,15.69,0.69,84.97,62.32,43.12,13.96,23.22,154.67,2.26,81.01,50.68,4.17,71.63,7.15,13.58,69.04,50.85,25.46,294.12,133.33,212.91,138.77,518.53,654.48,112.88,337.89,406.38,235.21,85.67,289.3,670.65,222.73,75.59,72.64,331.14,338.86,462.41,483.49,475.68,408.75,0.93,40.28,263.86,616.04,287.23,204.84,0.99,11.37,842.86,253.55,592.26,224.97,293.43,13.23,187.98,0.54,292.39,363.56,69.2,1.86,208.34,556.26,17.6,2.78,379.41,119.5,254.34,438.4,175.19,366.25,24.22,313.19,392.15,546.97,117.13,211.82,99.16
2020-07,304.32,46.24,683.21,403.37,231.24,242.15,954.69,704.78,858.05,585.12,592.28,751.37,276.74,641.59,1023.75,851.08,762.19,1364.21,165.24,622.84,602.61,227.5,401.67,391.01,856.99,919.44,708.99,670.59,186.15,537.24,794.89,687.16,109.87,248.64,600.92,1047.53,799.46,316.82,332.23,141.02,250.1,221.92,423.38,117.23,233.64,187.56,253.05,253.61,477.6,2.1,270.27,258.09,208.39,83.39,252.35,249.1,194.42,191.42,231.14,328.15,8.87,69.59,111.49,226.4,204.46,189.92,235.78,256.57,179.02,82.54,306.85,646.74,253.68,221.64,252.44,83.94,194.3,135.18,226.86,232.61,335.22,259.56,45.75,262.87,232.82,148.98,197.93,272.48,360.98,264.37,113.48,3.25,66.29,196.01,10.63,100.01,106.41,221.95,272.27,512.15,96.19,174.83,352.19,438.36,978.56,1139.0,318.34,193.03,258.57,302.7,268.96,581.88,416.95,662.42,674.54,519.08,235.8,279.09,210.59,278.14,201.01,363.14,637.21,1117.86,270.44,259.48,170.77,599.39,561.67,200.91,157.51,512.63,284.52,358.36,830.25,229.73,250.59,0.43,0.02,79.29,3.71,0.05,11.02,0.23,1.2,0.13,0.03,2.18,0.16,15.56,1.82,2.7,1.07,0.05,3.33,0.74,7.63,58.72,352.23,223.9,207.16,28.88,1187.42,1764.01,732.56,290.79,488.76,1286.17,171.98,4.17,81.56,577.65,400.36,0.64,576.82,495.02,642.73,247.24,220.84,99.42,38.57,185.31,410.96,178.1,462.72,974.68,463.22,856.63,535.23,125.11,791.31,56.85,73.64,179.29,24.59,28.87,111.03,26.74,0.42,78.37,570.8,84.71,144.56,317.27,1268.51,21.35,506.77,88.49,40.35,166.08,230.9,612.05,31.78,397.19,34.57,0.69,6.1
2020-10,523.57,61.06,871.23,156.29,322.56,438.02,808.12,746.18,317.23,762.03,448.57,606.23,149.19,249.43,465.75,353.88,768.5,593.25,45.6,658.41,838.42,176.28,287.83,425.33,744.82,739.91,886.55,214.14,281.02,660.64,846.82,522.77,152.15,297.82,560.87,619.41,641.26,430.11,564.2,347.23,225.15,161.25,270.14,159.54,212.19,153.54,296.03,180.47,376.67,75.06,169.81,205.46,219.2,180.09,210.36,196.43,247.76,344.5,274.21,297.23,188.33,197.3,122.79,310.28,154.96,347.72,283.97,402.31,286.63,79.75,180.46,406.47,195.57,219.33,206.47,261.51,121.44,170.87,438.25,220.62,385.21,171.64,220.82,155.84,163.39,242.1,160.07,177.58,359.99,212.7,113.36,20.37,140.31,144.21,34.8,328.98,199.78,336.23,332.54,564.48,322.09,339.15,420.13,310.68,866.93,1269.32,316.63,369.45,459.43,415.53,319.03,586.33,443.91,663.98,305.09,582.09,302.23,375.79,325.95,348.26,316.9,253.01,606.32,1145.17,469.81,354.06,362.29,600.07,191.0,316.87,295.97,451.27,326.09,431.94,524.73,337.77,360.5,0.5,1.39,53.5,13.39,1.47,35.16,27.53,24.68,5.99,14.01,84.23,2.63,73.84,140.74,1.12,41.29,0.86,6.81,33.19,52.57,28.79,377.58,190.5,196.72,31.04,482.86,564.11,268.82,624.01,595.79,366.13,50.49,288.93,570.14,305.06,173.23,68.02,506.61,398.9,599.89,604.42,530.01,120.73,67.71,64.0,293.22,642.03,352.7,600.05,285.3,507.37,963.36,196.83,714.37,297.3,184.82,76.38,91.92,21.5,123.09,125.73,33.27,15.27,323.56,503.61,69.74,207.65,855.37,113.77,409.32,450.68,241.74,247.7,74.23,397.06,177.73,538.63,129.54,152.96,97.04
2021-01,916.06,211.19,816.81,58.97,633.4,871.15,685.64,243.89,106.72,914.98,284.55,46.11,240.42,111.98,50.28,108.83,436.37,45.31,5.12,198.47,719.68,508.97,405.28,382.04,459.23,666.88,1149.57,87.62,546.93,516.73,1034.79,60.88,808.29,613.88,847.41,392.08,159.52,720.81,967.96,389.11,196.62,132.07,218.03,117.07,224.36,162.43,300.47,149.28,323.24,195.43,155.3,202.17,189.44,182.41,156.07,134.88,241.37,335.76,272.28,279.6,299.3,272.87,104.6,267.82,136.31,309.7,289.11,419.43,241.66,77.08,124.31,368.29,163.98,228.82,160.99,241.73,113.02,177.71,482.51,207.83,320.06,154.07,286.62,149.49,84.33,220.96,169.19,160.82,245.22,157.0,198.77,62.71,243.45,142.42,85.08,138.43,275.42,126.32,136.03,231.75,683.77,681.56,146.12,315.35,527.19,379.65,84.24,178.08,113.06,182.25,123.9,851.74,177.84,175.22,291.03,198.74,86.53,126.84,127.28,138.0,123.58,69.97,181.03,326.44,736.05,124.31,456.59,10.55,335.29,123.78,127.78,211.36,309.5,157.38,211.22,129.13,130.24,17.17,31.45,30.88,15.9,2.9,114.86,97.24,113.45,33.34,64.61,286.1,5.33,87.09,183.45,5.31,183.08,28.86,17.98,107.51,60.76,8.77,342.54,114.94,186.43,131.14,24.37,213.46,41.37,381.03,315.43,112.01,68.63,527.61,732.42,18.56,0.5,257.98,37.43,96.79,109.24,506.26,444.21,571.73,2.69,48.63,48.66,658.92,67.56,13.03,0.35,0.36,662.02,135.69,213.52,503.92,812.81,0.36,529.75,0.91,457.26,814.57,185.99,0.04,26.8,514.81,1.69,0.36,57.68,18.13,26.29,518.72,401.11,483.14,0.04,40.63,516.97,285.46,224.67,706.81,451.88
2021-04,643.49,91.2,773.89,197.7,524.63,631.05,795.69,232.99,446.15,862.55,410.9,360.56,355.26,268.96,404.9,439.18,529.57,328.09,51.82,175.26,692.75,391.76,471.17,370.66,398.34,534.68,1076.43,220.54,381.1,554.2,951.57,326.06,493.56,497.43,765.47,575.97,374.64,647.42,649.93,339.34,259.21,331.88,317.33,210.11,220.44,239.81,341.99,175.98,413.47,84.24,204.37,220.07,159.13,178.27,144.45,135.57,248.84,241.3,228.33,369.44,140.63,192.97,85.82,287.66,185.0,204.66,247.55,302.27,260.43,95.02,281.52,481.38,171.9,229.72,164.62,202.4,163.73,227.01,427.23,194.97,256.25,181.76,203.09,241.79,122.24,208.33,235.78,224.49,335.36,154.11,283.68,70.05,232.14,169.51,101.79,82.69,192.42,127.25,164.31,226.96,340.98,550.42,116.9,355.44,1015.57,517.95,185.48,111.43,127.18,146.43,283.64,1001.08,128.2,293.74,473.32,248.28,257.02,246.13,128.97,127.31,136.95,85.15,231.28,588.56,615.11,235.12,336.18,232.92,498.66,136.78,153.71,164.26,336.16,122.74,544.1,154.63,152.64,5.68,7.6,51.84,15.3,0.7,89.25,64.11,43.17,14.67,27.81,154.19,2.29,78.06,52.31,4.21,71.31,8.34,14.34,70.31,51.53,26.59,285.74,131.69,209.15,142.54,503.54,632.98,110.42,319.17,371.92,238.16,83.29,293.22,673.48,224.66,75.85,81.69,336.72,353.9,468.94,488.09,483.6,397.74,0.95,41.41,278.23,622.95,296.22,212.95,0.78,11.03,864.03,255.87,602.85,217.36,289.53,13.14,192.0,0.5,304.64,364.11,69.2,1.98,210.66,574.32,17.06,2.74,389.17,121.41,259.76,448.23,175.92,382.78,24.89,319.7,388.74,557.36,120.21,218.63,110.62
2021-07,317.27,45.16,698.03,404.19,252.03,269.74,950.73,739.4,865.52,570.38,608.88,741.56,308.33,656.46,1004.53,863.41,770.39,1368.82,163.12,643.83,596.77,216.51,469.86,389.06,853.54,926.42,697.64,665.62,180.43,525.18,784.39,690.94,101.54,267.27,595.11,1086.86,781.92,307.76,342.3,137.43,263.33,239.02,434.37,124.44,241.34,185.6,249.72,238.88,513.24,2.13,277.37,265.93,215.55,87.37,245.76,249.69,208.92,193.1,235.06,340.2,10.13,70.49,112.68,224.77,200.47,202.98,238.38,252.36,188.24,82.26,314.12,697.74,243.95,239.22,246.87,88.28,197.74,130.18,216.9,241.84,342.22,250.49,41.94,261.88,234.34,153.5,199.88,271.86,359.68,267.46,118.04,3.63,69.59,196.3,11.47,98.84,107.24,228.43,271.82,524.8,90.18,174.12,375.05,454.46,972.75,1129.07,327.25,177.84,269.47,309.36,278.24,573.01,424.54,671.44,673.57,539.83,245.92,289.18,222.29,291.99,212.17,369.17,651.64,1104.37,260.28,271.45,170.96,618.02,552.43,212.17,158.77,510.81,264.14,385.22,832.68,238.43,263.32,0.41,0.01,76.69,3.78,0.05,11.84,0.29,1.16,0.13,0.03,2.46,0.17,16.61,1.86,2.38,0.98,0.03,3.18,0.87,7.93,56.68,341.82,223.58,211.28,30.56,1226.16,1799.31,729.22,279.1,498.28,1349.09,185.07,4.16,78.81,576.13,406.27,0.75,584.1,493.87,650.46,250.09,219.36,94.06,41.68,190.08,416.56,172.77,459.97,967.33,486.53,850.57,535.24,120.8,798.33,58.48,73.46,183.28,24.55,30.51,117.41,25.75,0.61,81.07,575.99,79.42,147.67,327.04,1271.46,21.67,508.46,85.74,41.85,158.69,234.34,607.62,31.2,386.01,36.24,0.74,6.33
2021-10,525.76,60.48,874.89,161.15,299.03,426.07,833.16,734.26,359.29,736.41,452.28,609.32,157.68,246.69,475.75,387.41,792.82,596.37,44.85,677.62,830.9,159.72,290.55,426.97,725.48,733.95,832.17,215.88,278.93,656.64,818.42,525.25,143.2,314.78,574.94,674.94,655.39,391.43,581.5,357.42,212.26,160.23,270.33,157.82,215.34,149.11,312.56,175.84,367.51,67.8,171.96,203.26,229.08,169.42,221.96,199.13,243.73,344.43,275.37,300.88,191.6,196.51,121.92,314.99,156.45,348.63,288.63,403.26,293.98,81.09,189.82,402.78,198.07,222.37,214.24,257.69,116.46,165.55,467.02,224.75,391.01,170.07,206.16,155.32,163.28,256.24,161.52,179.6,353.26,218.15,119.33,23.8,136.06,138.57,39.37,305.94,197.4,348.6,350.79,541.06,316.25,333.18,413.89,309.87,867.14,1233.46,331.74,354.81,466.2,413.43,330.43,585.71,447.29,644.45,295.71,581.72,317.1,388.16,335.02,352.89,344.75,251.25,595.11,1134.05,467.89,359.13,344.76,587.54,183.73,344.78,312.06,440.7,341.5,434.35,529.14,359.33,376.39,0.65,2.8,52.39,13.89,1.5,36.77,26.9,24.1,5.96,14.75,76.23,2.7,75.06,143.41,1.03,40.36,1.96,7.03,31.62,53.73,27.89,401.84,190.68,190.51,33.07,459.13,554.27,254.99,617.75,618.07,349.36,50.75,288.81,557.09,310.84,177.59,67.74,516.5,400.1,610.24,599.24,523.71,119.81,73.79,65.89,303.05,626.84,357.02,619.91,295.25,529.65,974.52,200.39,718.76,293.69,183.1,76.19,91.92,20.43,121.03,118.53,33.98,17.3,325.78,492.28,71.4,209.85,870.82,117.03,410.06,450.65,228.67,250.26,76.1,406.1,174.12,529.3,125.65,148.91,99.91
2022-01,905.67,211.61,781.57,59.29,617.69,818.19,684.88,236.1,100.05,912.45,285.55,40.58,284.1,112.22,52.82,104.38,449.23,48.79,4.96,204.54,707.93,524.39,526.22,383.97,414.66,637.23,1143.01,87.43,510.91,531.73,1029.25,58.19,813.68,592.31,947.29,370.7,155.43,750.13,952.07,391.97,197.38,125.43,224.29,111.66,240.1,166.81,315.73,156.19,351.62,211.48,164.26,217.09,195.53,183.96,162.17,138.28,256.52,335.84,275.57,267.84,269.32,266.26,105.71,271.84,145.25,319.34,294.06,417.47,234.05,77.73,118.35,388.75,167.14,251.83,166.1,228.83,117.11,182.32,494.5,220.07,328.23,162.22,293.6,155.39,87.9,221.03,177.13,169.75,241.17,161.15,192.06,60.76,239.15,145.84,82.59,123.82,286.2,131.62,138.64,243.49,676.71,666.57,136.87,308.56,521.02,389.41,88.69,159.34,124.68,180.08,128.45,856.53,161.76,181.05,286.78,204.46,88.71,134.57,129.01,127.55,123.72,72.88,175.5,339.48,731.61,130.3,461.93,12.12,318.44,124.02,126.59,200.04,317.51,141.72,207.34,128.63,129.12,14.79,32.56,31.07,15.04,3.16,112.88,99.46,122.92,35.43,61.71,304.23,5.9,80.71,180.42,4.87,192.27,28.19,16.78,109.23,54.83,8.48,361.63,119.23,184.61,127.84,25.93,217.42,45.02,377.92,338.06,117.25,71.22,530.01,731.61,18.41,0.4,258.63,37.75,92.45,113.26,513.82,458.65,617.77,2.32,45.19,48.36,675.52,66.18,13.34,0.38,0.41,689.55,136.76,210.97,503.23,821.91,0.25,523.47,0.78,446.41,793.96,188.93,0.03,26.08,515.28,1.6,0.37,58.59,18.64,26.94,523.76,404.49,493.6,0.05,40.18,522.89,284.46,228.29,693.56,429.09
2022-04,600.83,98.26,753.89,196.41,491.67,618.74,775.37,220.88,423.15,874.1,400.52,341.36,366.02,268.97,397.59,418.32,527.06,329.53,50.69,177.79,680.6,398.27,507.82,358.49,397.37,543.08,1074.89,205.95,369.06,549.38,946.58,307.27,499.66,490.92,780.72,590.61,367.01,641.37,618.81,320.67,286.39,323.52,322.01,210.12,225.16,227.21,333.56,180.12,428.13,72.03,216.5,228.97,164.27,185.16,143.04,137.63,254.99,246.77,228.4,363.54,136.35,186.2,85.54,284.87,187.86,201.07,242.35,298.17,259.21,91.8,272.6,497.27,175.31,236.07,163.25,206.48,162.95,213.81,405.47,192.34,257.46,192.29,203.9,231.89,125.97,200.25,228.46,227.49,336.04,157.66,273.84,68.63,223.67,169.37,97.75,83.19,203.12,135.04,163.97,223.87,358.03,554.01,118.14,353.36,1022.1,496.73,191.18,111.96,133.34,148.54,294.92,1018.06,127.41,284.07,483.29,247.6,257.87,253.72,130.11,126.41,139.96,82.02,229.82,569.36,623.18,253.73,362.02,224.26,510.85,139.85,151.51,164.97,331.41,123.28,540.29,158.02,160.87,5.63,7.73,56.92,15.81,0.75,85.0,58.88,39.7,13.88,22.59,140.04,2.38,74.73,49.48,4.42,65.21,8.58,14.56,67.17,49.61,28.23,300.27,133.94,212.91,135.75,528.67,662.69,112.17,322.92,384.05,255.71,81.69,298.81,690.34,227.13,78.5,82.88,337.34,346.83,462.03,495.39,476.8,414.35,1.03,47.58,291.16,606.95,292.16,210.07,0.83,10.83,842.2,279.14,602.93,224.45,294.54,14.12,194.51,0.5,289.11,371.64,73.67,2.21,208.02,584.21,18.84,2.98,372.67,130.03,262.28,439.51,183.8,391.99,25.01,318.72,410.22,573.98,122.77,224.57,105.46
2022-07,281.45,45.02,693.92,403.98,241.29,271.15,981.39,740.11,868.8,575.18,616.24,731.8,288.1,642.38,1006.84,858.98,768.93,1376.21,164.06,655.58,607.0,225.79,467.73,390.98,865.59,955.92,701.34,664.24,181.37,537.23,762.59,690.96,113.51,270.77,604.9,1061.0,781.53,323.59,305.35,133.35,243.87,243.09,418.07,123.15,215.98,188.07,235.26,244.05,481.16,2.23,270.43,249.99,213.9,79.81,243.34,245.73,192.36,192.19,229.79,349.96,9.17,69.55,111.13,214.27,195.95,189.68,237.99,252.93,175.04,82.83,313.61,659.94,244.73,214.26,248.01,76.76,202.18,128.36,215.85,222.16,335.88,251.12,41.28,264.84,234.76,143.23,192.76,270.31,354.81,262.31,119.05,3.64,69.72,201.02,11.41,99.53,107.13,236.18,269.01,547.69,96.34,175.66,354.63,437.84,982.74,1150.78,336.7,184.89,262.79,319.51,284.83,579.02,415.16,680.86,675.85,551.92,248.28,296.87,224.0,281.56,214.51,363.68,656.53,1135.99,263.5,275.05,178.62,623.97,553.61,214.36,160.1,517.69,288.18,362.81,839.87,242.67,260.52,0.46,0.01,75.06,3.74,0.05,11.52,0.32,1.15,0.11,0.02,2.44,0.19,16.01,1.5,2.55,0.99,0.04,3.3,0.9,7.6,56.64,349.55,223.63,210.47,30.69,1221.72,1811.97,750.95,287.36,516.08,1298.74,190.23,4.22,84.12,578.19,412.2,0.83,578.93,495.29,653.4,247.08,215.69,99.33,37.38,184.29,411.43,171.92,459.47,974.34,473.88,859.01,521.76,124.72,791.47,55.14,74.04,185.52,24.35,29.66,118.43,26.59,0.57,83.58,575.25,83.36,141.36,321.41,1269.23,22.25,504.12,83.15,43.47,164.05,233.54,607.76,31.67,398.5,35.27,0.7,6.21
2022-10,531.1,58.82,897.07,158.43,297.17,464.78,823.61,731.98,327.6,755.81,452.08,620.33,154.52,243.13,484.01,359.68,768.95,605.65,43.52,663.96,841.32,185.33,284.27,428.05,740.44,738.42,871.43,208.37,274.17,665.31,823.13,527.7,148.62,314.04,592.33,651.47,661.72,398.85,564.97,354.55,227.77,163.85,281.92,157.28,209.21,147.82,313.52,174.67,377.68,66.54,173.27,204.25,226.44,180.3,219.09,203.63,243.14,340.64,267.81,293.79,198.66,194.99,125.15,329.38,169.35,329.19,280.28,402.14,299.75,80.18,189.06,409.77,196.72,214.58,209.56,275.19,116.95,170.51,466.64,219.41,385.84,171.24,221.48,161.56,164.68,256.09,164.25,190.38,376.28,216.47,119.56,22.07,135.44,138.1,37.55,332.41,200.9,341.97,353.28,523.73,319.16,331.05,413.66,315.86,875.09,1281.28,334.35,371.31,492.72,411.7,346.63,569.36,449.28,631.68,297.18,579.0,325.05,408.16,327.83,348.92,333.45,251.17,613.56,1182.28,464.13,366.89,375.55,591.62,181.83,333.32,336.64,442.91,317.39,431.47,527.34,369.85,378.49,0.5,1.65,56.24,14.09,1.56,36.14,28.34,24.66,6.31,16.88,79.89,2.74,75.72,151.23,1.03,41.31,0.97,6.94,33.96,57.01,28.56,383.91,194.35,195.76,31.09,462.12,589.93,266.83,651.97,638.5,366.64,49.31,287.72,554.48,302.53,177.56,65.98,514.91,388.33,599.59,601.56,531.11,119.28,66.19,66.15,297.36,638.82,341.96,615.98,299.33,535.51,977.27,198.56,697.72,283.79,178.07,76.25,87.08,21.45,120.45,106.07,33.06,15.15,318.52,502.05,69.79,210.39,858.24,115.08,413.71,463.31,220.57,247.77,73.77,390.43,169.51,543.49,124.45,141.15,94.28
2023-01,933.69,218.15,796.16,58.95,654.27,828.71,700.77,249.29,98.42,914.04,284.34,46.73,237.84,108.71,51.94,98.75,466.86,44.87,5.25,207.88,735.39,540.96,421.38,374.34,445.27,679.95,1140.24,85.28,512.6,555.21,1058.46,63.76,814.3,581.86,854.39,383.91,159.91,748.16,995.69,417.29,227.5,133.96,214.23,117.5,223.47,180.51,309.68,145.88,324.09,198.79,155.88,198.44,181.79,197.95,148.2,130.17,244.98,329.98,261.07,277.49,348.4,289.93,104.03,275.27,141.14,298.34,278.6,414.12,243.9,77.24,121.46,361.29,154.28,229.89,150.42,251.25,122.17,193.88,502.56,200.5,305.84,150.97,305.83,160.8,84.34,231.37,174.1,160.17,241.9,153.09,200.78,62.47,247.61,146.27,86.93,143.44,279.24,133.91,133.01,238.28,675.62,670.09,142.54,305.12,534.27,412.85,83.58,176.49,115.04,190.44,129.44,867.28,173.37,180.31,295.02,210.27,93.09,135.62,133.72,137.34,126.27,67.6,181.48,361.57,732.14,132.4,448.33,11.53,325.52,126.45,125.56,210.94,314.05,150.14,212.85,133.86,139.3,13.39,30.9,29.3,15.99,2.84,108.43,90.6,108.44,32.25,55.11,281.71,5.49,94.35,194.88,4.3,173.47,25.7,15.05,103.79,58.49,8.56,353.92,118.17,186.15,128.74,23.0,209.38,41.71,386.53,335.15,111.89,71.43,522.98,748.45,19.47,0.55,264.49,42.3,97.96,117.32,515.71,460.43,594.71,2.6,45.17,48.62,671.28,70.94,15.16,0.4,0.43,668.46,140.4,211.89,500.94,812.36,0.3,546.69,0.79,428.61,811.17,183.58,0.04,27.74,528.03,1.63,0.38,61.27,18.21,29.43,510.86,408.0,499.52,0.06,42.41,520.01,294.34,228.75,716.77,480.47
2023-04,630.82,97.57,772.15,196.25,528.45,597.09,779.22,226.97,424.26,863.99,406.32,349.77,355.14,264.54,397.91,414.73,529.14,329.05,51.19,171.45,683.26,393.93,465.03,361.48,402.67,553.93,1065.62,216.28,365.36,553.81,937.73,315.88,511.08,520.54,768.95,610.32,366.62,644.09,630.22,334.35,280.07,327.27,315.74,207.29,227.15,225.42,339.4,179.75,423.45,76.52,214.37,231.93,164.73,181.14,146.01,132.01,253.19,244.43,230.1,362.62,136.68,181.52,87.09,289.76,190.39,204.82,245.08,297.78,262.84,91.84,276.16,494.77,171.02,233.1,162.6,199.91,160.64,215.49,424.95,203.37,250.23,189.36,198.63,235.67,124.13,203.54,228.19,227.78,332.08,151.74,272.21,68.68,219.21,173.35,97.64,77.82,202.73,127.77,156.27,203.57,352.72,556.69,115.18,341.95,1024.98,525.48,180.93,108.4,123.65,146.04,292.55,1030.87,127.12,284.31,497.56,240.57,245.1,239.76,124.76,123.61,131.87,80.97,231.94,597.72,622.82,233.62,357.76,230.18,529.99,131.76,140.47,166.96,319.33,121.35,545.66,149.35,147.44,8.95,8.28,52.86,15.39,0.66,89.22,58.16,39.45,13.25,26.04,142.42,2.22,76.15,49.71,6.42,64.16,8.92,14.51,61.8,48.68,28.18,293.76,133.33,216.14,145.35,529.03,660.13,113.93,324.0,400.69,252.77,90.59,292.52,685.99,230.17,79.63,73.62,337.9,352.87,470.96,492.64,478.52,404.39,1.19,42.09,279.8,614.61,299.51,210.72,0.97,12.93,862.5,270.51,595.51,225.24,296.51,13.71,189.39,0.63,301.56,360.93,71.23,2.21,211.59,573.69,17.33,3.05,385.62,124.48,254.35,438.55,183.11,384.21,24.76,324.46,406.64,570.43,120.39,212.33,102.95
2023-07,306.9,46.52,698.46,403.83,230.8,246.92,956.26,725.14,881.69,579.18,607.18,737.5,307.19,678.46,1007.51,862.95,776.4,1389.83,163.77,631.71,610.89,238.75,481.73,389.6,849.09,921.25,720.39,677.72,187.83,527.6,808.15,694.09,105.37,252.81,574.46,1062.94,780.58,328.68,329.59,141.31,261.84,238.62,425.11,121.7,224.32,195.87,249.34,226.99,503.44,2.35,258.9,253.11,206.0,87.73,231.09,239.0,199.49,194.1,223.55,348.11,10.15,75.49,116.2,226.89,197.74,192.96,233.2,270.77,184.46,81.08,304.95,686.51,231.18,222.6,233.01,92.57,201.41,137.11,219.68,217.47,328.62,234.38,44.11,269.11,234.7,149.62,202.96,258.26,365.22,259.01,113.47,3.65,69.99,197.92,11.38,96.54,107.72,225.53,270.46,540.93,94.61,175.46,352.09,442.89,977.66,1151.98,337.08,187.39,282.22,303.16,286.26,571.03,410.24,690.87,673.16,555.73,261.02,298.58,216.64,276.24,215.65,364.59,655.43,1116.85,261.54,270.25,180.27,641.04,557.49,215.64,181.21,515.99,282.68,363.03,832.7,233.06,255.9,0.49,0.03,74.23,4.13,0.05,11.41,0.3,1.21,0.13,0.03,2.48,0.22,16.53,2.06,2.53,1.06,0.06,3.23,0.84,8.78,56.78,336.88,224.51,211.32,30.01,1228.48,1799.8,732.48,278.68,502.66,1324.83,186.34,4.09,86.03,575.91,404.21,0.93,579.53,491.76,650.2,249.44,219.66,96.04,42.83,193.15,412.12,172.98,453.89,972.8,462.89,835.99,533.34,125.63,793.41,54.46,71.13,180.76,23.81,29.29,115.49,26.77,0.58,81.27,571.2,85.79,147.81,315.29,1272.87,23.11,507.65,88.92,42.85,163.07,235.12,600.54,32.26,396.62,35.97,0.69,6.3
2023-10,521.28,59.41,883.95,161.51,306.86,439.59,836.0,750.37,350.23,753.07,442.44,617.62,168.26,249.95,485.64,383.16,767.11,599.0,47.1,699.21,837.17,171.82,347.78,436.38,743.99,749.76,870.27,225.66,266.38,638.32,813.63,527.01,151.53,311.23,575.8,683.04,664.09,384.88,556.92,354.55,236.25,156.48,275.71,151.75,207.73,148.43,295.54,181.11,369.85,64.41,172.01,201.83,221.03,184.49,209.85,196.07,250.76,347.0,273.33,299.56,188.82,201.22,124.4,306.66,159.18,337.65,281.63,407.83,290.68,81.73,189.55,404.24,196.3,213.32,203.56,277.9,120.12,170.36,447.8,215.94,390.43,170.59,227.03,152.94,163.64,252.24,154.87,185.53,357.53,213.13,115.2,21.18,137.68,143.19,35.94,314.46,194.09,345.73,334.71,545.72,315.0,331.04,409.46,312.59,863.71,1228.85,322.92,358.36,451.38,414.15,335.97,580.44,437.26,643.46,287.95,572.33,310.09,384.72,331.0,341.3,332.45,248.58,597.41,1128.78,465.87,354.42,355.45,589.95,187.14,332.36,313.94,435.28,318.28,420.22,521.14,351.66,369.67,0.52,1.95,50.03,14.64,1.43,34.76,28.79,23.48,5.82,16.02,81.3,2.79,70.08,144.05,1.06,39.82,1.2,6.35,33.65,55.51,27.92,389.14,193.87,196.07,30.33,471.32,556.88,262.77,646.23,640.84,350.39,53.78,276.73,532.66,298.84,178.52,61.27,512.62,398.94,605.49,587.51,526.01,116.67,73.03,62.9,288.53,631.28,352.3,606.45,288.09,510.43,963.81,186.29,703.57,300.84,177.58,79.05,85.97,22.99,118.08,112.86,30.35,15.52,318.78,477.51,70.88,209.62,854.7,111.16,409.87,438.93,214.89,247.34,73.55,390.64,165.95,519.98,124.6,138.67,87.98
2024-01,922.7,210.52,807.39,59.04,646.14,887.13,710.19,245.76,101.67,922.25,290.28,43.71,276.44,117.38,51.23,108.91,462.74,46.7,5.35,203.6,738.68,544.7,514.22,387.39,427.89,651.93,1138.95,93.58,497.84,563.28,1043.91,60.83,812.06,600.07,929.94,384.12,156.6,773.99,995.91,411.96,207.64,132.36,214.01,118.03,214.68,180.23,308.45,145.5,325.42,194.22,156.47,198.72,184.87,187.25,156.92,135.48,240.29,338.94,266.05,282.55,300.0,279.85,106.24,275.37,138.82,309.88,289.31,428.98,249.43,81.7,127.37,359.73,165.16,221.27,159.38,250.98,111.82,195.65,502.27,203.07,328.16,153.85,300.6,150.77,86.44,242.2,174.87,158.11,245.2,160.23,205.37,64.64,242.59,139.7,89.99,139.11,284.49,126.23,128.17,227.39,685.22,676.62,136.88,304.83,514.38,370.97,84.85,175.74,120.04,182.93,133.28,868.16,171.65,174.63,278.63,199.53,92.96,138.95,127.81,131.29,123.79,69.25,173.51,332.81,735.78,128.1,446.45,11.0,314.5,124.03,130.99,199.0,314.27,143.39,202.61,128.41,128.92,15.99,32.22,31.94,16.26,3.18,116.21,100.68,118.55,35.89,65.66,295.63,5.62,91.43,188.27,5.5,188.55,28.78,17.73,110.11,57.94,9.33,360.17,118.26,184.15,125.0,21.38,209.8,40.93,415.46,340.31,108.72,67.61,528.67,756.82,18.88,0.68,250.41,41.21,99.04,117.68,520.72,467.15,590.31,2.8,46.38,54.02,687.32,69.37,14.62,0.49,0.56,690.61,143.68,211.66,498.38,822.29,0.41,533.23,0.95,454.34,815.06,180.0,0.04,27.52,531.49,1.71,0.51,56.53,18.83,29.23,539.01,397.5,500.38,0.07,42.0,529.76,302.64,226.67,712.3,445.18
2024-04,616.32,93.32,768.03,199.63,509.91,619.71,790.64,231.66,431.91,870.8,411.53,356.97,380.68,280.57,403.59,434.19,536.91,338.57,52.77,176.34,684.54,403.78,507.91,368.03,403.66,534.21,1081.63,230.2,367.9,546.45,954.2,321.76,505.03,508.82,782.7,607.12,374.19,630.47,634.25,334.82,271.98,332.63,313.62,214.05,222.8,234.69,335.84,179.79,407.36,81.1,207.88,223.72,163.07,178.77,146.45,131.87,254.26,240.28,231.05,365.54,144.29,195.09,85.6,288.21,187.16,208.81,250.53,294.97,262.94,96.66,283.02,474.3,175.0,230.39,168.45,209.71,162.86,225.08,417.07,189.52,247.11,187.25,193.39,240.38,123.74,216.19,231.84,225.76,332.04,154.39,286.02,72.42,229.84,171.58,103.64,81.59,194.48,124.16,162.71,229.21,337.11,548.75,113.12,345.35,1011.74,512.82,194.56,106.79,129.93,147.72,299.63,1016.52,121.22,291.24,485.96,254.08,257.61,258.87,124.34,126.33,132.95,81.36,239.4,572.31,618.16,246.58,341.99,232.73,513.87,132.78,153.62,170.3,323.95,119.96,540.19,154.5,151.25,6.59,7.86,50.78,15.13,0.75,87.19,60.1,41.25,14.05,21.4,148.46,2.44,76.92,54.26,5.76,66.89,8.52,14.88,66.68,49.44,27.62,289.37,133.83,213.8,144.96,529.58,668.39,115.22,327.76,406.82,246.07,86.42,295.17,702.19,228.71,78.4,85.07,340.07,345.4,473.17,496.72,480.34,427.68,1.1,42.89,282.19,617.38,294.9,208.17,0.95,11.65,861.57,273.68,592.85,227.22,308.61,13.97,191.83,0.64,305.56,368.66,75.79,2.17,211.82,591.89,17.07,3.01,382.49,120.23,258.52,443.2,190.21,392.7,24.28,321.96,411.75,578.66,122.84,222.68,106.97
2024-07,326.83,46.24,674.49,403.8,243.2,276.79,960.24,725.07,886.82,578.48,610.84,735.56,287.83,646.6,1023.43,881.35,758.86,1393.87,166.75,652.23,598.74,237.46,464.77,388.48,852.37,910.9,719.72,679.89,187.83,520.55,808.49,692.72,115.76,273.63,574.22,1058.38,791.16,334.17,343.45,133.27,241.31,239.16,434.4,123.53,219.53,182.14,245.2,249.33,497.73,2.49,269.19,253.0,205.41,79.76,245.02,255.66,193.29,198.98,237.5,344.28,9.69,71.25,109.99,223.39,200.06,202.36,246.92,256.25,185.31,84.69,312.07,676.88,246.77,213.4,247.65,80.7,204.02,125.4,212.21,222.05,336.71,248.43,38.13,261.44,236.3,156.45,189.51,273.37,369.19,264.72,117.48,3.7,69.17,205.39,12.11,102.91,102.47,219.24,268.38,548.58,85.63,171.28,365.29,440.57,971.48,1140.44,324.16,187.92,262.09,299.73,268.23,564.38,424.08,695.9,666.78,551.49,241.16,281.94,208.24,279.44,207.16,370.65,653.27,1122.31,254.44,255.47,162.53,631.87,552.46,207.13,154.82,514.32,270.82,371.73,829.39,223.31,245.1,0.48,0.02,82.32,3.87,0.06,11.79,0.29,1.31,0.14,0.04,2.62,0.2,15.61,2.4,2.44,1.13,0.04,3.27,0.97,8.39,58.44,330.64,224.97,206.1,29.62,1270.11,1833.96,742.07,290.92,498.1,1329.12,178.07,4.01,90.07,585.95,409.14,0.78,585.53,497.94,654.59,250.74,218.25,96.16,44.67,196.8,414.87,172.56,464.5,967.65,490.95,853.55,537.74,124.55,797.82,49.35,73.81,183.21,23.99,30.77,114.95,26.31,0.6,84.12,578.46,84.18,148.02,328.94,1274.99,22.09,512.0,88.55,41.08,158.12,241.63,618.08,32.48,404.03,35.22,0.7,6.51
2024-10,564.83,61.59,884.39,158.7,321.2,453.8,843.82,768.92,310.26,754.87,458.43,617.58,148.8,250.66,478.08,352.36,793.04,598.32,46.4,708.44,839.24,181.09,291.01,424.01,720.34,733.3,868.78,229.81,281.03,657.66,852.3,530.87,156.92,314.35,567.76,594.46,648.0,416.49,597.31,373.84,218.16,149.76,285.17,150.65,210.02,163.92,324.26,182.95,385.95,66.76,176.81,202.9,219.33,172.96,217.45,202.74,247.43,330.62,277.34,281.62,181.65,203.87,124.21,333.22,167.79,341.85,280.78,397.85,297.02,78.23,176.74,419.39,196.76,215.4,209.44,267.98,129.02,183.41,491.18,221.9,383.31,173.94,203.65,171.3,163.9,256.72,175.68,188.12,385.92,214.73,112.73,21.95,132.15,147.76,36.77,325.29,190.33,348.66,346.29,579.36,317.47,325.42,415.03,313.48,864.57,1257.77,335.28,369.43,502.19,409.62,345.8,570.37,440.44,661.74,294.4,598.67,325.85,407.46,341.36,347.01,347.9,246.7,616.55,1148.27,469.17,383.12,367.97,586.27,180.29,347.62,327.16,433.11,317.17,431.66,523.61,391.17,396.32,0.52,1.62,51.75,14.47,1.4,33.51,24.02,21.21,5.32,11.65,71.72,2.8,70.13,143.17,1.09,34.88,1.16,5.86,27.96,54.77,27.39,392.69,194.67,193.93,31.02,473.65,562.38,275.27,642.4,629.55,360.67,54.9,284.76,539.94,311.73,179.26,72.45,508.62,409.22,608.23,593.96,522.17,118.08,70.41,61.2,286.26,627.68,360.88,609.75,290.63,504.53,973.26,186.59,728.19,312.8,187.56,77.44,95.21,21.23,129.78,127.08,33.35,16.57,324.57,474.68,69.11,210.45,863.5,104.7,397.46,460.44,238.64,233.88,74.22,408.0,165.57,514.67,132.87,152.66,104.52
