date,Country Code,ziyaretci_sayisi
2019-01,USA,79947
2019-04,USA,129809
2019-07,USA,149009
2019-10,USA,101144
2020-01,USA,59963
2020-04,USA,2107
2020-07,USA,36277
2020-10,USA,38449
2021-01,USA,30145
2021-04,USA,71079
2021-07,USA,123104
2021-10,USA,99549
2022-01,USA,81866
2022-04,USA,208053
2022-07,USA,253237
2022-10,USA,173951
2023-01,USA,126745
2023-04,USA,248053
2023-07,USA,273968
2023-10,USA,205000
2024-01,USA,142144
2024-04,USA,271387
2024-07,USA,114412
2019-01,AFG,7608
2019-04,AFG,11819
2019-07,AFG,18770
2019-10,AFG,13291
2020-01,AFG,6943
2020-04,AFG,1365
2020-07,AFG,5916
2020-10,AFG,7660
2021-01,AFG,10386
2021-04,AFG,11097
2021-07,AFG,10690
2021-10,AFG,8016
2022-01,AFG,9362
2022-04,AFG,10751
2022-07,AFG,13201
2022-10,AFG,10948
2023-01,AFG,10630
2023-04,AFG,13167
2023-07,AFG,17095
2023-10,AFG,10487
2024-01,AFG,9390
2024-04,AFG,12756
2024-07,AFG,5973
2019-01,DEU,212810
2019-04,DEU,284909
2019-07,DEU,360401
2019-10,DEU,253441
2020-01,DEU,171151
2020-04,DEU,17468
2020-07,DEU,133349
2020-10,DEU,88294
2021-01,DEU,85439
2021-04,DEU,137316
2021-07,DEU,343188
2021-10,DEU,257992
2022-01,DEU,225981
2022-04,DEU,343494
2022-07,DEU,381309
2022-10,DEU,286530
2023-01,DEU,245842
2023-04,DEU,338261
2023-07,DEU,382735
2023-10,DEU,319666
2024-01,DEU,286519
2024-04,DEU,351975
2024-07,DEU,153861
2022-01,AND,73
2022-04,AND,126
2022-07,AND,187
2022-10,AND,110
2023-01,AND,85
2023-04,AND,103
2023-07,AND,125
2023-10,AND,110
2024-01,AND,98
2024-04,AND,95
2024-07,AND,40
2022-01,AGO,1007
2022-04,AGO,1236
2022-07,AGO,1275
2022-10,AGO,1340
2023-01,AGO,868
2023-04,AGO,1023
2023-07,AGO,905
2023-10,AGO,672
2024-01,AGO,382
2024-04,AGO,447
2024-07,AGO,185
2022-01,ATG,218
2022-04,ATG,259
2022-07,ATG,370
2022-10,ATG,233
2023-01,ATG,179
2023-04,ATG,297
2023-07,ATG,438
2023-10,ATG,205
2024-01,ATG,216
2024-04,ATG,214
2024-07,ATG,104
2022-01,ARG,4652
2022-04,ARG,10201
2022-07,ARG,11552
2022-10,ARG,8783
2023-01,ARG,6326
2023-04,ARG,11715
2023-07,ARG,11626
2023-10,ARG,9080
2024-01,ARG,7154
2024-04,ARG,12109
2024-07,ARG,4062
2019-01,ALB,13406
2019-04,ALB,7036
2019-07,ALB,9953
2019-10,ALB,14707
2020-01,ALB,10805
2020-04,ALB,368
2020-07,ALB,8552
2020-10,ALB,11679
2021-01,ALB,8585
2021-04,ALB,10565
2021-07,ALB,12549
2021-10,ALB,16443
2022-01,ALB,14929
2022-04,ALB,16166
2022-07,ALB,13142
2022-10,ALB,16654
2023-01,ALB,13335
2023-04,ALB,13789
2023-07,ALB,11592
2023-10,ALB,17071
2024-01,ALB,17367
2024-04,ALB,15086
2024-07,ALB,3109
2019-01,AUS,4087
2019-04,AUS,17511
2020-01,AUS,1746
2020-04,AUS,221
2022-01,AUS,8848
2022-04,AUS,23931
2022-07,AUS,35645
2022-10,AUS,21344
2023-01,AUS,14432
2023-04,AUS,37426
2023-07,AUS,53839
2023-10,AUS,26964
2024-01,AUS,14800
2024-04,AUS,43537
2024-07,AUS,19895
2019-01,AUT,30699
2019-04,AUT,32021
2019-07,AUT,53196
2019-10,AUT,34601
2020-01,AUT,25038
2020-04,AUT,2350
2020-07,AUT,18703
2020-10,AUT,15296
2021-01,AUT,12661
2021-04,AUT,19357
2021-07,AUT,50427
2021-10,AUT,35214
2022-01,AUT,32082
2022-04,AUT,41311
2022-07,AUT,55646
2022-10,AUT,37667
2023-01,AUT,32472
2023-04,AUT,41823
2023-07,AUT,51892
2023-10,AUT,40624
2024-01,AUT,36927
2024-04,AUT,45145
2024-07,AUT,25559
2019-01,AZE,60990
2019-04,AZE,53609
2019-07,AZE,71662
2019-10,AZE,57940
2020-01,AZE,44945
2020-04,AZE,1136
2020-07,AZE,46862
2020-10,AZE,38152
2021-01,AZE,36749
2021-04,AZE,38273
2021-07,AZE,63004
2021-10,AZE,52169
2022-01,AZE,53066
2022-04,AZE,60811
2022-07,AZE,88816
2022-10,AZE,69738
2023-01,AZE,59639
2023-04,AZE,68120
2023-07,AZE,88987
2023-10,AZE,76313
2024-01,AZE,76863
2024-04,AZE,91129
2024-07,AZE,32751
2022-01,BHS,22
2022-04,BHS,54
2022-07,BHS,50
2022-10,BHS,43
2023-01,BHS,30
2023-04,BHS,60
2023-07,BHS,93
2023-10,BHS,121
2024-01,BHS,48
2024-04,BHS,98
2024-07,BHS,37
2019-01,BHR,10886
2020-01,BHR,8188
2021-04,BHR,2524
2021-07,BHR,17763
2021-10,BHR,20360
2022-01,BHR,17632
2022-04,BHR,16691
2022-07,BHR,18540
2022-10,BHR,16118
2023-01,BHR,12035
2023-04,BHR,10505
2023-07,BHR,12614
2023-10,BHR,9892
2024-01,BHR,11975
2024-04,BHR,13235
2024-07,BHR,4741
2019-04,BGD,1793
2020-04,BGD,8
2022-01,BGD,3956
2022-04,BGD,6058
2022-07,BGD,6854
2022-10,BGD,5295
2023-01,BGD,4250
2023-04,BGD,5108
2023-07,BGD,5858
2023-10,BGD,5351
2024-01,BGD,4220
2024-04,BGD,6266
2024-07,BGD,2474
2022-01,BRB,88
2022-04,BRB,98
2022-07,BRB,56
2022-10,BRB,67
2023-01,BRB,108
2023-04,BRB,79
2023-07,BRB,89
2023-10,BRB,93
2024-01,BRB,75
2024-04,BRB,73
2024-07,BRB,25
2019-01,BLR,3161
2019-04,BLR,8793
2019-07,BLR,9104
2019-10,BLR,8729
2020-01,BLR,1597
2020-04,BLR,453
2020-07,BLR,8595
2020-10,BLR,7958
2021-01,BLR,7316
2021-04,BLR,8777
2021-07,BLR,14344
2021-10,BLR,11509
2022-01,BLR,16844
2022-04,BLR,19091
2022-07,BLR,21926
2022-10,BLR,20878
2023-01,BLR,20308
2023-04,BLR,23501
2023-07,BLR,27112
2023-10,BLR,21370
2024-01,BLR,23273
2024-04,BLR,26550
2024-07,BLR,9937
2022-01,BLZ,26
2022-04,BLZ,66
2022-07,BLZ,98
2022-10,BLZ,78
2023-01,BLZ,53
2023-04,BLZ,77
2023-07,BLZ,152
2023-10,BLZ,89
2024-01,BLZ,54
2024-04,BLZ,97
2024-07,BLZ,42
2019-01,BEL,31553
2019-04,BEL,36766
2019-07,BEL,37595
2019-10,BEL,33700
2020-01,BEL,26746
2020-04,BEL,3131
2020-07,BEL,17613
2020-10,BEL,20341
2021-01,BEL,12005
2021-04,BEL,22764
2021-07,BEL,43265
2021-10,BEL,39980
2022-01,BEL,38675
2022-04,BEL,41598
2022-07,BEL,45662
2022-10,BEL,38501
2023-01,BEL,36611
2023-04,BEL,39590
2023-07,BEL,44966
2023-10,BEL,43766
2024-01,BEL,39191
2024-04,BEL,46812
2024-07,BEL,20322
2022-01,BEN,410
2022-04,BEN,416
2022-07,BEN,438
2022-10,BEN,449
2023-01,BEN,365
2023-04,BEN,287
2023-07,BEN,490
2023-10,BEN,301
2024-01,BEN,217
2024-04,BEN,290
2024-07,BEN,152
2022-01,BTN,3
2022-04,BTN,6
2022-07,BTN,13
2022-10,BTN,11
2023-01,BTN,9
2023-04,BTN,22
2023-07,BTN,14
2023-10,BTN,19
2024-01,BTN,7
2024-04,BTN,25
2024-07,BTN,2
2021-01,ARE,2673
2021-07,ARE,10593
2021-10,ARE,20848
2022-01,ARE,17426
2022-04,ARE,19496
2022-07,ARE,28481
2022-10,ARE,29947
2023-01,ARE,10957
2023-04,ARE,21470
2023-07,ARE,24138
2023-10,ARE,18507
2024-01,ARE,11200
2024-04,ARE,19047
2024-07,ARE,7077
2019-01,GBR,95768
2019-04,GBR,123170
2019-07,GBR,148156
2019-10,GBR,122702
2020-01,GBR,81344
2020-04,GBR,5753
2020-07,GBR,99075
2020-10,GBR,50230
2021-01,GBR,13309
2021-04,GBR,29140
2021-07,GBR,51597
2021-10,GBR,118363
2022-01,GBR,106596
2022-04,GBR,169840
2022-07,GBR,192172
2022-10,GBR,144591
2023-01,GBR,122560
2023-04,GBR,198648
2023-07,GBR,205988
2023-10,GBR,174165
2024-01,GBR,158628
2024-04,GBR,205921
2024-07,GBR,84542
2019-04,BOL,354
2020-04,BOL,4
2022-01,BOL,360
2022-04,BOL,663
2022-07,BOL,782
2022-10,BOL,878
2023-01,BOL,543
2023-04,BOL,830
2023-07,BOL,817
2023-10,BOL,900
2024-01,BOL,655
2024-04,BOL,902
2024-07,BOL,275
2022-01,BWA,58
2022-04,BWA,127
2022-07,BWA,140
2022-10,BWA,102
2023-01,BWA,80
2023-04,BWA,122
2023-07,BWA,163
2023-10,BWA,101
2024-01,BWA,150
2024-04,BWA,133
2024-07,BWA,48
2019-01,BRA,18063
2019-04,BRA,13993
2019-07,BRA,18695
2019-10,BRA,21169
2020-01,BRA,13412
2020-04,BRA,43
2020-07,BRA,1649
2020-10,BRA,5289
2021-01,BRA,1297
2022-01,BRA,10369
2022-04,BRA,16800
2022-07,BRA,20592
2022-10,BRA,18556
2023-01,BRA,12771
2023-04,BRA,22003
2023-07,BRA,24041
2023-10,BRA,20513
2024-01,BRA,17484
2024-04,BRA,23474
2024-07,BRA,9943
2022-01,BRN,22
2022-04,BRN,67
2022-07,BRN,129
2022-10,BRN,601
2023-01,BRN,335
2023-04,BRN,233
2023-07,BRN,220
2023-10,BRN,784
2024-01,BRN,261
2024-04,BRN,271
2024-07,BRN,66
2019-01,BGR,23506
2019-04,BGR,22829
2019-07,BGR,22222
2019-10,BGR,23815
2020-01,BGR,19203
2020-04,BGR,1195
2020-07,BGR,9086
2020-10,BGR,9926
2021-01,BGR,6131
2021-04,BGR,8854
2021-07,BGR,16401
2021-10,BGR,18932
2022-01,BGR,19759
2022-04,BGR,26676
2022-07,BGR,26472
2022-10,BGR,27899
2023-01,BGR,32593
2023-04,BGR,35419
2023-07,BGR,33811
2023-10,BGR,36271
2024-01,BGR,42028
2024-04,BGR,43163
2024-07,BGR,14257
2022-01,BFA,628
2022-04,BFA,717
2022-07,BFA,1028
2022-10,BFA,827
2023-01,BFA,611
2023-04,BFA,760
2023-07,BFA,1204
2023-10,BFA,842
2024-01,BFA,597
2024-04,BFA,612
2024-07,BFA,379
2022-01,BDI,154
2022-04,BDI,112
2022-07,BDI,157
2022-10,BDI,129
2023-01,BDI,86
2023-04,BDI,96
2023-07,BDI,142
2023-10,BDI,109
2024-01,BDI,89
2024-04,BDI,75
2024-07,BDI,35
2022-01,CPV,46
2022-04,CPV,96
2022-07,CPV,69
2022-10,CPV,95
2023-01,CPV,47
2023-04,CPV,80
2023-07,CPV,60
2019-01,DZA,62659
2019-04,DZA,58578
2019-07,DZA,91191
2019-10,DZA,62976
2020-01,DZA,44248
2020-04,DZA,69
2020-07,DZA,1941
2020-10,DZA,2912
2021-01,DZA,2244
2021-04,DZA,4104
2021-07,DZA,13503
2021-10,DZA,26700
2022-01,DZA,30023
2022-04,DZA,31842
2022-07,DZA,66820
2022-10,DZA,65191
2023-01,DZA,55051
2023-04,DZA,52797
2023-07,DZA,91419
2023-10,DZA,76894
2024-01,DZA,66453
2024-04,DZA,66095
2024-07,DZA,28170
2022-01,DJI,1160
2022-04,DJI,1083
2022-07,DJI,2215
2022-10,DJI,892
2023-01,DJI,761
2023-04,DJI,848
2023-07,DJI,1298
2023-10,DJI,615
2024-01,DJI,585
2024-04,DJI,560
2024-07,DJI,340
2019-01,DNK,17819
2019-04,DNK,23906
2019-07,DNK,25967
2019-10,DNK,20867
2020-01,DNK,13857
2020-04,DNK,595
2020-07,DNK,7012
2020-10,DNK,6407
2021-04,DNK,6367
2021-07,DNK,21168
2021-10,DNK,18310
2022-01,DNK,15311
2022-04,DNK,21213
2022-07,DNK,23607
2022-10,DNK,18611
2023-01,DNK,15751
2023-04,DNK,19238
2023-07,DNK,21167
2023-10,DNK,19507
2024-01,DNK,19370
2024-04,DNK,20492
2024-07,DNK,10870
2022-01,DOM,519
2022-04,DOM,993
2022-07,DOM,1222
2022-10,DOM,1357
2023-01,DOM,869
2023-04,DOM,1254
2023-07,DOM,1181
2023-10,DOM,956
2024-01,DOM,824
2024-04,DOM,1052
2024-07,DOM,323
2022-01,DMA,1565
2022-04,DMA,1596
2022-07,DMA,3425
2022-10,DMA,1817
2023-01,DMA,1278
2023-04,DMA,2207
2023-07,DMA,3630
2023-10,DMA,2007
2024-01,DMA,889
2024-04,DMA,771
2024-07,DMA,387
2019-04,ECU,571
2020-04,ECU,3
2022-01,ECU,1536
2022-04,ECU,3963
2022-07,ECU,3845
2022-10,ECU,4571
2023-01,ECU,1979
2023-04,ECU,3813
2023-07,ECU,4296
2023-10,ECU,3216
2024-01,ECU,2169
2024-04,ECU,3710
2024-07,ECU,965
2022-01,GNQ,135
2022-04,GNQ,214
2022-07,GNQ,251
2022-10,GNQ,288
2023-01,GNQ,108
2023-04,GNQ,152
2023-07,GNQ,171
2023-10,GNQ,149
2024-01,GNQ,140
2024-04,GNQ,125
2024-07,GNQ,69
2022-01,SLV,218
2022-04,SLV,352
2022-07,SLV,468
2022-10,SLV,488
2023-01,SLV,345
2023-04,SLV,441
2023-07,SLV,566
2023-10,SLV,495
2024-01,SLV,302
2024-04,SLV,436
2024-07,SLV,178
2019-01,IDN,37724
2019-04,IDN,9546
2019-07,IDN,10671
2019-10,IDN,35898
2020-01,IDN,27371
2020-04,IDN,106
2020-07,IDN,2541
2020-10,IDN,7536
2021-01,IDN,7795
2021-04,IDN,8674
2021-07,IDN,4191
2021-10,IDN,18238
2022-01,IDN,17812
2022-04,IDN,39523
2022-07,IDN,31299
2022-10,IDN,54836
2023-01,IDN,58582
2023-04,IDN,31819
2023-07,IDN,25583
2023-10,IDN,49867
2024-01,IDN,52490
2024-04,IDN,42226
2024-07,IDN,9915
2022-01,ERI,2450
2022-04,ERI,3035
2022-07,ERI,2367
2022-10,ERI,3099
2023-01,ERI,2561
2023-04,ERI,2738
2023-07,ERI,2827
2023-10,ERI,3377
2024-01,ERI,2549
2024-04,ERI,2324
2024-07,ERI,890
2022-01,ARM,2444
2022-04,ARM,3191
2022-07,ARM,3939
2022-10,ARM,3586
2023-01,ARM,2982
2023-04,ARM,2891
2023-07,ARM,5202
2023-10,ARM,3648
2024-01,ARM,3877
2024-04,ARM,3738
2024-07,ARM,1706
2022-01,EST,2149
2022-04,EST,2991
2022-07,EST,3024
2022-10,EST,3611
2023-01,EST,4265
2023-04,EST,4159
2023-07,EST,3266
2023-10,EST,4797
2024-01,EST,5131
2024-04,EST,4772
2024-07,EST,1024
2019-04,ETH,1343
2019-07,ETH,2137
2019-10,ETH,6400
2020-04,ETH,2
2020-07,ETH,1669
2020-10,ETH,5801
2021-01,ETH,7912
2021-04,ETH,11187
2021-07,ETH,14273
2021-10,ETH,9255
2022-01,ETH,5329
2022-04,ETH,6537
2022-07,ETH,7054
2022-10,ETH,6081
2023-01,ETH,5794
2023-04,ETH,6484
2023-07,ETH,7649
2023-10,ETH,5557
2024-01,ETH,5150
2024-04,ETH,5967
2024-07,ETH,2471
2019-01,MAR,43108
2019-04,MAR,44174
2019-07,MAR,74676
2019-10,MAR,53906
2020-01,MAR,39593
2020-04,MAR,247
2020-07,MAR,10532
2020-10,MAR,14942
2021-01,MAR,9492
2021-04,MAR,10212
2021-07,MAR,44482
2021-10,MAR,49277
2022-01,MAR,37491
2022-04,MAR,48643
2022-07,MAR,79035
2022-10,MAR,68380
2023-01,MAR,48571
2023-04,MAR,59275
2023-07,MAR,80133
2023-10,MAR,57569
2024-01,MAR,44661
2024-04,MAR,55671
2024-07,MAR,21040
2022-01,FJI,41
2022-04,FJI,36
2022-07,FJI,51
2022-10,FJI,44
2023-01,FJI,41
2023-04,FJI,65
2023-07,FJI,90
2023-10,FJI,86
2024-01,FJI,55
2024-04,FJI,62
2024-07,FJI,35
2019-04,CIV,270
2020-04,CIV,2
2022-01,CIV,2004
2022-04,CIV,2078
2022-07,CIV,2394
2022-10,CIV,2607
2023-01,CIV,1739
2023-04,CIV,1541
2023-07,CIV,2061
2023-10,CIV,1904
2024-01,CIV,1115
2024-04,CIV,1507
2024-07,CIV,515
2019-04,PHL,14785
2019-07,PHL,15411
2019-10,PHL,13819
2020-04,PHL,753
2020-07,PHL,8758
2020-10,PHL,6489
2021-01,PHL,4643
2021-04,PHL,8150
2021-07,PHL,8362
2022-01,PHL,8897
2022-04,PHL,15222
2022-07,PHL,19626
2022-10,PHL,17108
2023-01,PHL,12169
2023-04,PHL,18974
2023-07,PHL,19866
2023-10,PHL,15817
2024-01,PHL,13060
2024-04,PHL,20054
2024-07,PHL,7896
2019-04,PSE,8335
2019-07,PSE,5919
2019-10,PSE,13520
2020-04,PSE,99
2020-07,PSE,1261
2020-10,PSE,5075
2021-01,PSE,4866
2021-04,PSE,7391
2021-07,PSE,21691
2021-10,PSE,18007
2022-01,PSE,10889
2022-04,PSE,15055
2022-07,PSE,30934
2022-10,PSE,16828
2023-01,PSE,10185
2023-04,PSE,13838
2023-07,PSE,23663
2023-10,PSE,7261
2024-01,PSE,6495
2024-04,PSE,10662
2024-07,PSE,4946
2019-07,FIN,2448
2020-07,FIN,667
2022-01,FIN,4173
2022-04,FIN,7301
2022-07,FIN,7132
2022-10,FIN,7284
2023-01,FIN,6363
2023-04,FIN,7875
2023-07,FIN,9001
2023-10,FIN,8676
2024-01,FIN,8217
2024-04,FIN,10231
2024-07,FIN,3265
2019-01,FRA,98261
2019-04,FRA,132777
2019-07,FRA,156725
2019-10,FRA,120906
2020-01,FRA,83507
2020-04,FRA,3586
2020-07,FRA,71104
2020-10,FRA,68453
2021-01,FRA,38497
2021-04,FRA,57016
2021-07,FRA,156727
2021-10,FRA,127360
2022-01,FRA,110715
2022-04,FRA,143301
2022-07,FRA,172839
2022-10,FRA,140620
2023-01,FRA,114471
2023-04,FRA,145665
2023-07,FRA,177660
2023-10,FRA,151353
2024-01,FRA,125384
2024-04,FRA,176905
2024-07,FRA,71506
2022-01,GAB,1280
2022-04,GAB,1435
2022-07,GAB,1858
2022-10,GAB,1595
2023-01,GAB,982
2023-04,GAB,903
2023-07,GAB,1194
2023-10,GAB,861
2024-01,GAB,691
2024-04,GAB,784
2024-07,GAB,423
2019-04,GMB,130
2020-04,GMB,2
2022-01,GMB,576
2022-04,GMB,668
2022-07,GMB,618
2022-10,GMB,598
2023-01,GMB,502
2023-04,GMB,389
2023-07,GMB,614
2023-10,GMB,509
2024-01,GMB,385
2024-04,GMB,380
2024-07,GMB,140
2022-01,GHA,1599
2022-04,GHA,1818
2022-07,GHA,1281
2022-10,GHA,1163
2023-01,GHA,1021
2023-04,GHA,1050
2023-07,GHA,1382
2023-10,GHA,1250
2024-01,GHA,1032
2024-04,GHA,1188
2024-07,GHA,423
2022-01,GIN,1142
2022-04,GIN,1104
2022-07,GIN,1441
2022-10,GIN,1734
2023-01,GIN,1540
2023-04,GIN,1090
2023-07,GIN,1486
2023-10,GIN,1276
2024-01,GIN,811
2024-04,GIN,889
2024-07,GIN,374
2022-01,GRD,114
2022-04,GRD,114
2022-07,GRD,254
2022-10,GRD,146
2023-01,GRD,118
2023-04,GRD,162
2023-07,GRD,274
2023-10,GRD,152
2024-01,GRD,106
2024-04,GRD,191
2024-07,GRD,117
2022-01,GTM,436
2022-04,GTM,889
2022-07,GTM,921
2022-10,GTM,1353
2023-01,GTM,536
2023-04,GTM,1272
2023-07,GTM,957
2023-10,GTM,1435
2024-01,GTM,609
2024-04,GTM,1140
2024-07,GTM,276
2022-01,GUY,5
2022-04,GUY,13
2022-07,GUY,27
2022-10,GUY,30
2023-01,GUY,13
2023-04,GUY,22
2023-07,GUY,24
2023-10,GUY,11
2024-01,GUY,16
2024-04,GUY,27
2024-07,GUY,6
2019-04,ZAF,3578
2020-04,ZAF,3
2022-01,ZAF,8689
2022-04,ZAF,15994
2022-07,ZAF,21824
2022-10,ZAF,17524
2023-01,ZAF,9351
2023-04,ZAF,15421
2023-07,ZAF,17701
2023-10,ZAF,14428
2024-01,ZAF,8470
2024-04,ZAF,16692
2024-07,ZAF,5357
2019-01,KOR,29025
2019-04,KOR,47708
2020-01,KOR,29839
2020-04,KOR,317
2022-01,KOR,7015
2022-04,KOR,21058
2022-07,KOR,28815
2022-10,KOR,29273
2023-01,KOR,28967
2023-04,KOR,30704
2023-07,KOR,41435
2023-10,KOR,38005
2024-01,KOR,38654
2024-04,KOR,49475
2024-07,KOR,16186
2022-01,SSD,136
2022-04,SSD,161
2022-07,SSD,355
2022-10,SSD,454
2023-01,SSD,301
2023-04,SSD,339
2023-07,SSD,370
2023-10,SSD,311
2024-01,SSD,167
2024-04,SSD,173
2024-07,SSD,67
2019-01,GEO,15664
2019-04,GEO,14950
2019-07,GEO,14544
2019-10,GEO,14909
2020-01,GEO,11558
2020-04,GEO,424
2020-07,GEO,7819
2020-10,GEO,7817
2021-01,GEO,6459
2021-04,GEO,11533
2021-07,GEO,17321
2021-10,GEO,21727
2022-01,GEO,18619
2022-04,GEO,22622
2022-07,GEO,20417
2022-10,GEO,24425
2023-01,GEO,20389
2023-04,GEO,22459
2023-07,GEO,21663
2023-10,GEO,25432
2024-01,GEO,25713
2024-04,GEO,28678
2024-07,GEO,8599
2022-01,HTI,1198
2022-04,HTI,478
2022-07,HTI,407
2022-10,HTI,312
2023-01,HTI,225
2023-04,HTI,259
2023-07,HTI,226
2023-10,HTI,201
2024-01,HTI,57
2024-04,HTI,49
2024-07,HTI,14
2019-01,IND,27430
2019-04,IND,61810
2019-07,IND,44752
2019-10,IND,49509
2020-01,IND,21561
2020-04,IND,572
2020-07,IND,4698
2020-10,IND,4806
2021-01,IND,5552
2021-04,IND,5710
2021-07,IND,11010
2021-10,IND,20818
2022-01,IND,18727
2022-04,IND,55350
2022-07,IND,59031
2022-10,IND,67436
2023-01,IND,35111
2023-04,IND,64960
2023-07,IND,61184
2023-10,IND,62465
2024-01,IND,43158
2024-04,IND,93716
2024-07,IND,22075
2019-01,NLD,65893
2019-04,NLD,70312
2019-07,NLD,90982
2019-10,NLD,67264
2020-01,NLD,53645
2020-04,NLD,5541
2020-07,NLD,45416
2020-10,NLD,39521
2021-01,NLD,28247
2021-04,NLD,38668
2021-07,NLD,102821
2021-10,NLD,87195
2022-01,NLD,80076
2022-04,NLD,86691
2022-07,NLD,100296
2022-10,NLD,69993
2023-01,NLD,65955
2023-04,NLD,78214
2023-07,NLD,103815
2023-10,NLD,84024
2024-01,NLD,77127
2024-04,NLD,92408
2024-07,NLD,47661
2022-01,HND,257
2022-04,HND,454
2022-07,HND,683
2022-10,HND,703
2023-01,HND,460
2023-04,HND,749
2023-07,HND,919
2023-10,HND,801
2024-01,HND,610
2024-04,HND,735
2024-07,HND,227
2022-01,HKG,405
2022-04,HKG,1062
2022-07,HKG,1481
2022-10,HKG,2248
2023-01,HKG,2358
2023-04,HKG,3977
2023-07,HKG,4634
2023-10,HKG,5112
2024-01,HKG,3410
2024-04,HKG,6129
2024-07,HKG,2239
2019-01,HRV,3593
2019-04,HRV,8834
2019-07,HRV,1728
2020-01,HRV,1677
2020-04,HRV,156
2020-07,HRV,570
2022-01,HRV,7615
2022-04,HRV,10752
2022-07,HRV,8627
2022-10,HRV,12322
2023-01,HRV,9477
2023-04,HRV,9975
2023-07,HRV,8869
2023-10,HRV,13906
2024-01,HRV,12288
2024-04,HRV,12382
2024-07,HRV,2771
2019-01,IRQ,132469
2019-04,IRQ,136735
2019-07,IRQ,276689
2019-10,IRQ,131251
2020-01,IRQ,81949
2020-04,IRQ,1867
2020-07,IRQ,17533
2020-10,IRQ,36793
2021-01,IRQ,45390
2021-04,IRQ,61863
2021-07,IRQ,146606
2021-10,IRQ,87631
2022-01,IRQ,72825
2022-04,IRQ,98965
2022-07,IRQ,166991
2022-10,IRQ,85164
2023-01,IRQ,77111
2023-04,IRQ,93369
2023-07,IRQ,149483
2023-10,IRQ,84644
2024-01,IRQ,66968
2024-04,IRQ,94562
2024-07,IRQ,44314
2022-01,JAM,164
2022-04,JAM,285
2022-07,JAM,212
2022-10,JAM,239
2023-01,JAM,191
2023-04,JAM,259
2023-07,JAM,357
2023-10,JAM,347
2024-01,JAM,310
2024-04,JAM,396
2024-07,JAM,108
2019-01,JPN,20040
2020-01,JPN,15460
2022-01,JPN,2564
2022-04,JPN,5528
2022-07,JPN,8964
2022-10,JPN,9934
2023-01,JPN,11238
2023-04,JPN,13828
2023-07,JPN,22607
2023-10,JPN,22413
2024-01,JPN,23105
2024-04,JPN,27673
2024-07,JPN,9077
2022-01,KHM,59
2022-04,KHM,71
2022-07,KHM,70
2022-10,KHM,114
2023-01,KHM,99
2023-04,KHM,69
2023-07,KHM,106
2023-10,KHM,133
2024-01,KHM,65
2024-04,KHM,119
2024-07,KHM,36
2022-01,CMR,2107
2022-04,CMR,2840
2022-07,CMR,2071
2022-10,CMR,2014
2023-01,CMR,1754
2023-04,CMR,1592
2023-07,CMR,1901
2023-10,CMR,1629
2024-01,CMR,1196
2024-04,CMR,1522
2024-07,CMR,573
2019-01,CAN,19641
2019-04,CAN,29624
2019-07,CAN,37522
2019-10,CAN,23740
2020-01,CAN,15120
2020-04,CAN,456
2020-07,CAN,7933
2020-10,CAN,7928
2021-01,CAN,5429
2021-04,CAN,10118
2021-07,CAN,26665
2021-10,CAN,23043
2022-01,CAN,18547
2022-04,CAN,38460
2022-07,CAN,53530
2022-10,CAN,36068
2023-01,CAN,26858
2023-04,CAN,44367
2023-07,CAN,54075
2023-10,CAN,43201
2024-01,CAN,31950
2024-04,CAN,56844
2024-07,CAN,23530
2022-01,MNE,3533
2022-04,MNE,3945
2022-07,MNE,2942
2022-10,MNE,4730
2023-01,MNE,3904
2023-04,MNE,3480
2023-07,MNE,2894
2023-10,MNE,5301
2024-01,MNE,4951
2024-04,MNE,4553
2024-07,MNE,917
2019-01,QAT,11389
2019-04,QAT,7291
2019-07,QAT,36993
2019-10,QAT,22891
2020-01,QAT,10711
2020-04,QAT,199
2020-07,QAT,10255
2020-10,QAT,7441
2021-01,QAT,3500
2021-04,QAT,14181
2021-07,QAT,37204
2021-10,QAT,11190
2022-01,QAT,16000
2022-04,QAT,21924
2022-07,QAT,29038
2022-10,QAT,14888
2023-01,QAT,9958
2023-04,QAT,15745
2023-07,QAT,22181
2023-10,QAT,11641
2024-01,QAT,7077
2024-04,QAT,12918
2024-07,QAT,9122
2019-01,KAZ,43337
2019-04,KAZ,52277
2019-07,KAZ,57503
2019-10,KAZ,46914
2020-01,KAZ,38896
2020-04,KAZ,2037
2020-07,KAZ,24350
2020-10,KAZ,26344
2021-01,KAZ,19688
2021-04,KAZ,27414
2021-07,KAZ,40977
2021-10,KAZ,51011
2022-01,KAZ,53644
2022-04,KAZ,83789
2022-07,KAZ,93005
2022-10,KAZ,72431
2023-01,KAZ,67959
2023-04,KAZ,90368
2023-07,KAZ,113352
2023-10,KAZ,79363
2024-01,KAZ,74664
2024-04,KAZ,96417
2024-07,KAZ,36630
2022-01,KEN,2035
2022-04,KEN,3017
2022-07,KEN,2743
2022-10,KEN,2903
2023-01,KEN,1550
2023-04,KEN,2232
2023-07,KEN,2797
2023-10,KEN,2681
2024-01,KEN,1584
2024-04,KEN,2892
2024-07,KEN,733
2022-01,KIR,3
2019-04,COL,11431
2020-04,COL,14
2021-07,COL,3683
2021-10,COL,14097
2022-01,COL,9404
2022-04,COL,19203
2022-07,COL,16859
2022-10,COL,17651
2023-01,COL,9149
2023-04,COL,16622
2023-07,COL,15708
2023-10,COL,14565
2024-01,COL,9959
2024-04,COL,17566
2024-07,COL,5259
2022-01,COM,382
2022-04,COM,498
2022-07,COM,191
2022-10,COM,301
2023-01,COM,162
2023-04,COM,177
2023-07,COM,196
2023-10,COM,140
2024-01,COM,124
2024-04,COM,140
2024-07,COM,28
2022-01,COG,673
2022-04,COG,1033
2022-07,COG,673
2022-10,COG,593
2023-01,COG,453
2023-04,COG,461
2023-07,COG,584
2023-10,COG,465
2024-01,COG,314
2024-04,COG,412
2024-07,COG,205
2019-01,KOS,19438
2019-04,KOS,16401
2019-07,KOS,13522
2019-10,KOS,21136
2020-01,KOS,15973
2020-04,KOS,196
2020-07,KOS,11893
2020-10,KOS,19148
2021-01,KOS,12822
2021-04,KOS,16606
2021-07,KOS,17560
2021-10,KOS,29610
2022-01,KOS,26270
2022-04,KOS,24813
2022-07,KOS,15212
2022-10,KOS,23835
2023-01,KOS,18652
2023-04,KOS,18986
2023-07,KOS,13775
2023-10,KOS,26142
2024-01,KOS,19144
2024-04,KOS,15137
2024-07,KOS,2943
2022-01,CRI,756
2022-04,CRI,2766
2022-07,CRI,2206
2022-10,CRI,1687
2023-01,CRI,986
2023-04,CRI,2508
2023-07,CRI,2048
2023-10,CRI,1793
2024-01,CRI,1222
2024-04,CRI,1912
2024-07,CRI,527
2019-01,KWT,66277
2019-04,KWT,69896
2019-07,KWT,142908
2019-10,KWT,58598
2020-01,KWT,58894
2020-04,KWT,30
2020-07,KWT,25171
2020-10,KWT,28719
2021-01,KWT,8824
2021-04,KWT,24347
2021-07,KWT,102349
2021-10,KWT,68720
2022-01,KWT,88416
2022-04,KWT,77237
2022-07,KWT,161762
2022-10,KWT,61511
2023-01,KWT,68900
2023-04,KWT,75212
2023-07,KWT,114324
2023-10,KWT,36280
2024-01,KWT,47653
2024-04,KWT,62986
2024-07,KWT,28743
2022-01,PRK,4
2022-07,PRK,38
2022-10,PRK,28
2023-01,PRK,15
2023-04,PRK,35
2023-07,PRK,1
2023-10,PRK,4
2024-01,PRK,27
2024-04,PRK,13
2019-04,MKD,1967
2019-07,MKD,5825
2019-10,MKD,7570
2020-04,MKD,107
2020-07,MKD,6181
2020-10,MKD,5223
2021-01,MKD,2208
2022-01,MKD,8565
2022-04,MKD,9755
2022-07,MKD,6619
2022-10,MKD,9277
2023-01,MKD,9522
2023-04,MKD,7366
2023-07,MKD,6497
2023-10,MKD,10594
2024-01,MKD,10262
2024-04,MKD,7944
2024-07,MKD,2232
2022-01,CUB,350
2022-04,CUB,716
2022-07,CUB,745
2022-10,CUB,1384
2023-01,CUB,756
2023-04,CUB,945
2023-07,CUB,1295
2023-10,CUB,1454
2024-01,CUB,956
2024-04,CUB,1180
2024-07,CUB,545
2019-01,KGZ,25328
2019-04,KGZ,29782
2019-07,KGZ,20940
2019-10,KGZ,24724
2020-01,KGZ,20914
2020-04,KGZ,172
2020-07,KGZ,10930
2020-10,KGZ,13589
2021-01,KGZ,13438
2021-04,KGZ,13591
2021-07,KGZ,21279
2021-10,KGZ,24944
2022-01,KGZ,22839
2022-04,KGZ,27801
2022-07,KGZ,25275
2022-10,KGZ,24780
2023-01,KGZ,24282
2023-04,KGZ,29939
2023-07,KGZ,25890
2023-10,KGZ,25854
2024-01,KGZ,25871
2024-04,KGZ,36070
2024-07,KGZ,8928
2022-01,LAO,4
2022-04,LAO,21
2022-07,LAO,32
2022-10,LAO,25
2023-01,LAO,16
2023-04,LAO,15
2023-07,LAO,14
2023-10,LAO,24
2024-01,LAO,35
2024-04,LAO,71
2024-07,LAO,9
2022-01,LSO,17
2022-04,LSO,27
2022-07,LSO,38
2022-10,LSO,40
2023-01,LSO,15
2023-04,LSO,16
2023-07,LSO,14
2023-10,LSO,31
2024-01,LSO,8
2024-04,LSO,23
2024-07,LSO,8
2022-01,LVA,3155
2022-04,LVA,5333
2022-07,LVA,4278
2022-10,LVA,6109
2023-01,LVA,5788
2023-04,LVA,7637
2023-07,LVA,6301
2023-10,LVA,7122
2024-01,LVA,7239
2024-04,LVA,7966
2024-07,LVA,1841
2022-01,LBR,133
2022-04,LBR,131
2022-07,LBR,112
2022-10,LBR,164
2023-01,LBR,120
2023-04,LBR,91
2023-07,LBR,131
2023-10,LBR,75
2024-01,LBR,67
2024-04,LBR,105
2024-07,LBR,21
2019-01,LBY,59453
2019-04,LBY,52250
2019-07,LBY,78304
2019-10,LBY,64460
2020-01,LBY,42373
2020-04,LBY,796
2020-07,LBY,24335
2020-10,LBY,38789
2021-01,LBY,33561
2021-04,LBY,33776
2021-07,LBY,64284
2021-10,LBY,62970
2022-01,LBY,44450
2022-04,LBY,40934
2022-07,LBY,77525
2022-10,LBY,54169
2023-01,LBY,40031
2023-04,LBY,39992
2023-07,LBY,65616
2023-10,LBY,46100
2024-01,LBY,47964
2024-04,LBY,50097
2024-07,LBY,20756
2022-01,LIE,146
2022-04,LIE,210
2022-07,LIE,300
2022-10,LIE,184
2023-01,LIE,141
2023-04,LIE,237
2023-07,LIE,298
2023-10,LIE,266
2024-01,LIE,163
2024-04,LIE,236
2024-07,LIE,169
2022-01,LTU,5155
2022-04,LTU,7478
2022-07,LTU,6010
2022-10,LTU,8102
2023-01,LTU,7990
2023-04,LTU,8353
2023-07,LTU,7306
2023-10,LTU,8894
2024-01,LTU,9200
2024-04,LTU,9429
2024-07,LTU,2359
2019-01,LBN,55531
2019-04,LBN,65992
2019-07,LBN,77754
2019-10,LBN,56486
2020-01,LBN,32940
2020-04,LBN,56
2020-07,LBN,20264
2020-10,LBN,28263
2021-01,LBN,16459
2021-04,LBN,24587
2021-07,LBN,46300
2021-10,LBN,59104
2022-01,LBN,47280
2022-04,LBN,49433
2022-07,LBN,54230
2022-10,LBN,48902
2023-01,LBN,35819
2023-04,LBN,39611
2023-07,LBN,44596
2023-10,LBN,44072
2024-01,LBN,36477
2024-04,LBN,52374
2024-07,LBN,16357
2022-01,LUX,689
2022-04,LUX,1183
2022-07,LUX,1464
2022-10,LUX,954
2023-01,LUX,959
2023-04,LUX,1441
2023-07,LUX,1463
2023-10,LUX,1320
2024-01,LUX,1187
2024-04,LUX,1604
2024-07,LUX,497
2019-04,HUN,3786
2020-04,HUN,88
2022-01,HUN,6835
2022-04,HUN,13411
2022-07,HUN,11889
2022-10,HUN,10561
2023-01,HUN,8724
2023-04,HUN,19745
2023-07,HUN,17683
2023-10,HUN,19527
2024-01,HUN,18818
2024-04,HUN,24203
2024-07,HUN,7389
2022-01,MDG,45
2022-04,MDG,107
2022-07,MDG,81
2022-10,MDG,82
2023-01,MDG,47
2023-04,MDG,77
2023-07,MDG,82
2023-10,MDG,87
2024-01,MDG,117
2024-04,MDG,90
2024-07,MDG,44
2022-01,MAC,2
2022-04,MAC,7
2022-07,MAC,12
2022-10,MAC,21
2023-01,MAC,24
2023-04,MAC,51
2023-07,MAC,134
2023-10,MAC,134
2024-01,MAC,108
2024-04,MAC,175
2024-07,MAC,111
2022-01,MWI,87
2022-04,MWI,83
2022-07,MWI,107
2022-10,MWI,71
2023-01,MWI,46
2023-04,MWI,49
2023-07,MWI,116
2023-10,MWI,62
2024-01,MWI,47
2024-04,MWI,54
2024-07,MWI,21
2022-01,MDV,902
2022-04,MDV,866
2022-07,MDV,1092
2022-10,MDV,1074
2023-01,MDV,473
2023-04,MDV,471
2023-07,MDV,672
2023-10,MDV,823
2024-01,MDV,569
2024-04,MDV,896
2024-07,MDV,196
2019-01,MYS,25636
2019-04,MYS,22569
2020-01,MYS,14887
2020-04,MYS,25
2021-10,MYS,4178
2022-01,MYS,13330
2022-04,MYS,15166
2022-07,MYS,18489
2022-10,MYS,36971
2023-01,MYS,27539
2023-04,MYS,19848
2023-07,MYS,13744
2023-10,MYS,27019
2024-01,MYS,23522
2024-04,MYS,20834
2024-07,MYS,3011
2022-01,MLI,1584
2022-04,MLI,1434
2022-07,MLI,1670
2022-10,MLI,1503
2023-01,MLI,1307
2023-04,MLI,1049
2023-07,MLI,1845
2023-10,MLI,1167
2024-01,MLI,950
2024-04,MLI,969
2024-07,MLI,486
2022-01,MLT,2126
2022-04,MLT,3204
2022-07,MLT,4342
2022-10,MLT,3373
2023-01,MLT,2505
2023-04,MLT,2568
2023-07,MLT,3134
2023-10,MLT,2795
2024-01,MLT,2829
2024-04,MLT,2432
2024-07,MLT,1273
2022-01,MUS,2121
2022-04,MUS,2559
2022-07,MUS,2781
2022-10,MUS,4678
2023-01,MUS,2397
2023-04,MUS,2126
2023-07,MUS,2419
2023-10,MUS,3382
2024-01,MUS,1922
2024-04,MUS,2527
2024-07,MUS,1118
2019-01,MEX,2986
2020-01,MEX,2389
2021-04,MEX,2499
2021-07,MEX,11462
2021-10,MEX,14964
2022-01,MEX,12404
2022-04,MEX,19200
2022-07,MEX,26786
2022-10,MEX,27182
2023-01,MEX,15843
2023-04,MEX,30023
2023-07,MEX,33798
2023-10,MEX,29067
2024-01,MEX,15934
2024-04,MEX,25676
2024-07,MEX,11998
2022-04,FSM,1
2023-01,FSM,1
2019-04,MDA,2907
2019-07,MDA,9479
2019-10,MDA,7781
2020-04,MDA,3
2020-07,MDA,6456
2020-10,MDA,10363
2021-01,MDA,6791
2021-04,MDA,6260
2021-07,MDA,6292
2022-01,MDA,6914
2022-04,MDA,10975
2022-07,MDA,10018
2022-10,MDA,9855
2023-01,MDA,10572
2023-04,MDA,10361
2023-07,MDA,11436
2023-10,MDA,11272
2024-01,MDA,12418
2024-04,MDA,15271
2024-07,MDA,6363
2022-01,MCO,13
2022-04,MCO,24
2022-07,MCO,42
2022-10,MCO,35
2023-01,MCO,17
2023-04,MCO,46
2023-07,MCO,33
2023-10,MCO,34
2024-01,MCO,35
2024-04,MCO,69
2024-07,MCO,15
2022-01,MRT,1565
2022-04,MRT,1179
2022-07,MRT,1904
2022-10,MRT,1148
2023-01,MRT,829
2023-04,MRT,890
2023-07,MRT,1444
2023-10,MRT,1001
2024-01,MRT,837
2024-04,MRT,1028
2024-07,MRT,375
2022-01,MOZ,152
2022-04,MOZ,275
2022-07,MOZ,403
2022-10,MOZ,353
2023-01,MOZ,297
2023-04,MOZ,308
2023-07,MOZ,465
2023-10,MOZ,294
2024-01,MOZ,180
2024-04,MOZ,210
2024-07,MOZ,83
2019-04,MNG,1592
2020-04,MNG,4
2022-01,MNG,7816
2022-04,MNG,9585
2022-07,MNG,9813
2022-10,MNG,10076
2023-01,MNG,8995
2023-04,MNG,8851
2023-07,MNG,7867
2023-10,MNG,8806
2024-01,MNG,8478
2024-04,MNG,9297
2024-07,MNG,2590
2022-01,MMR,101
2022-04,MMR,152
2022-07,MMR,175
2022-10,MMR,261
2023-01,MMR,193
2023-04,MMR,212
2023-07,MMR,309
2023-10,MMR,342
2024-01,MMR,257
2024-04,MMR,531
2024-07,MMR,108
2019-01,EGY,34954
2019-04,EGY,39172
2019-07,EGY,51234
2019-10,EGY,37998
2020-01,EGY,26832
2020-04,EGY,338
2020-07,EGY,14076
2020-10,EGY,24392
2021-01,EGY,15875
2021-04,EGY,17554
2021-07,EGY,43041
2021-10,EGY,43389
2022-01,EGY,43642
2022-04,EGY,43540
2022-07,EGY,66076
2022-10,EGY,55720
2023-01,EGY,34260
2023-04,EGY,39157
2023-07,EGY,55179
2023-10,EGY,43269
2024-01,EGY,37895
2024-04,EGY,52663
2024-07,EGY,21211
2022-01,NAM,86
2022-04,NAM,170
2022-07,NAM,87
2022-10,NAM,66
2023-01,NAM,74
2023-04,NAM,49
2023-07,NAM,65
2023-10,NAM,79
2024-01,NAM,69
2024-04,NAM,85
2024-07,NAM,46
2022-01,NRU,6
2022-10,NRU,4
2024-01,NRU,1
2024-04,NRU,2
2022-01,NPL,533
2022-04,NPL,1355
2022-07,NPL,1435
2022-10,NPL,1300
2023-01,NPL,1148
2023-04,NPL,1213
2023-07,NPL,1613
2023-10,NPL,1462
2024-01,NPL,1568
2024-04,NPL,1874
2024-07,NPL,934
2022-01,NER,867
2022-04,NER,816
2022-07,NER,1346
2022-10,NER,999
2023-01,NER,715
2023-04,NER,700
2023-07,NER,704
2023-10,NER,559
2024-01,NER,395
2024-04,NER,583
2024-07,NER,257
2019-01,NGA,2789
2019-04,NGA,2770
2019-07,NGA,3789
2019-10,NGA,10872
2020-01,NGA,1980
2020-04,NGA,2
2020-07,NGA,1225
2020-10,NGA,5419
2021-01,NGA,4958
2021-04,NGA,3139
2022-01,NGA,10492
2022-04,NGA,10828
2022-07,NGA,7603
2022-10,NGA,6929
2023-01,NGA,5899
2023-04,NGA,6008
2023-07,NGA,6500
2023-10,NGA,5442
2024-01,NGA,5001
2024-04,NGA,4882
2024-07,NGA,1743
2022-01,NIC,104
2022-04,NIC,180
2022-07,NIC,262
2022-10,NIC,200
2023-01,NIC,170
2023-04,NIC,228
2023-07,NIC,278
2023-10,NIC,377
2024-01,NIC,219
2024-04,NIC,242
2024-07,NIC,122
2019-04,NOR,9327
2019-07,NOR,9305
2020-04,NOR,209
2020-07,NOR,2720
2021-01,NOR,3456
2021-04,NOR,3450
2021-07,NOR,9121
2021-10,NOR,4821
2022-01,NOR,10439
2022-04,NOR,17888
2022-07,NOR,19103
2022-10,NOR,13809
2023-01,NOR,11935
2023-04,NOR,16039
2023-07,NOR,19233
2023-10,NOR,14206
2024-01,NOR,14120
2024-04,NOR,20733
2024-07,NOR,10240
2022-01,CAF,51
2022-04,CAF,87
2022-07,CAF,38
2022-10,CAF,45
2023-01,CAF,44
2023-04,CAF,33
2023-07,CAF,71
2023-10,CAF,43
2024-01,CAF,49
2024-04,CAF,36
2024-07,CAF,13
2019-01,PAK,22783
2019-04,PAK,14992
2019-07,PAK,37779
2019-10,PAK,30063
2020-01,PAK,18082
2020-04,PAK,20
2020-07,PAK,9871
2020-10,PAK,20729
2021-01,PAK,20475
2021-04,PAK,10414
2021-07,PAK,14647
2021-10,PAK,39213
2022-01,PAK,34638
2022-04,PAK,40585
2022-07,PAK,49833
2022-10,PAK,36229
2023-01,PAK,24458
2023-04,PAK,29654
2023-07,PAK,41909
2023-10,PAK,29297
2024-01,PAK,20658
2024-04,PAK,31434
2024-07,PAK,15336
2023-07,PLW,1
2024-04,PLW,1
2022-01,PAN,1421
2022-04,PAN,1474
2022-07,PAN,1567
2022-10,PAN,2186
2023-01,PAN,1891
2023-04,PAN,1661
2023-07,PAN,2138
2023-10,PAN,1676
2024-01,PAN,1420
2024-04,PAN,1794
2024-07,PAN,715
2022-01,PNG,2
2022-04,PNG,3
2022-07,PNG,7
2022-10,PNG,2
2023-01,PNG,1
2023-04,PNG,8
2023-07,PNG,6
2023-10,PNG,6
2024-01,PNG,3
2024-04,PNG,11
2022-01,PRY,202
2022-04,PRY,367
2022-07,PRY,412
2022-10,PRY,349
2023-01,PRY,185
2023-04,PRY,419
2023-07,PRY,305
2023-10,PRY,317
2024-01,PRY,352
2024-04,PRY,376
2024-07,PRY,104
2019-04,PER,785
2020-04,PER,4
2022-01,PER,1406
2022-04,PER,2737
2022-07,PER,3437
2022-10,PER,3210
2023-01,PER,1964
2023-04,PER,3450
2023-07,PER,3665
2023-10,PER,3651
2024-01,PER,2718
2024-04,PER,3458
2024-07,PER,1166
2019-01,POL,13603
2019-04,POL,4483
2019-07,POL,15344
2019-10,POL,15727
2020-01,POL,10590
2020-04,POL,270
2020-07,POL,6131
2020-10,POL,5669
2021-01,POL,4694
2021-04,POL,6430
2021-07,POL,12969
2021-10,POL,10060
2022-01,POL,12811
2022-04,POL,21017
2022-07,POL,19465
2022-10,POL,19851
2023-01,POL,19020
2023-04,POL,25119
2023-07,POL,24126
2023-10,POL,26433
2024-01,POL,25958
2024-04,POL,32874
2024-07,POL,9052
2022-01,PRT,7070
2022-04,PRT,14379
2022-07,PRT,16434
2022-10,PRT,13246
2023-01,PRT,11233
2023-04,PRT,16043
2023-07,PRT,18280
2023-10,PRT,15531
2024-01,PRT,14377
2024-04,PRT,19158
2024-07,PRT,5995
2022-04,PRI,3
2022-07,PRI,15
2023-04,PRI,2
2024-04,PRI,1
2019-01,ROU,30922
2019-04,ROU,37067
2019-07,ROU,35622
2019-10,ROU,35617
2020-01,ROU,25349
2020-04,ROU,304
2020-07,ROU,12967
2020-10,ROU,18785
2021-01,ROU,12702
2021-04,ROU,17377
2021-07,ROU,30219
2021-10,ROU,29745
2022-01,ROU,30331
2022-04,ROU,47861
2022-07,ROU,40330
2022-10,ROU,41918
2023-01,ROU,38341
2023-04,ROU,51357
2023-07,ROU,49975
2023-10,ROU,52202
2024-01,ROU,50069
2024-04,ROU,60435
2024-07,ROU,17152
2022-01,RWA,365
2022-04,RWA,393
2022-07,RWA,286
2022-10,RWA,456
2023-01,RWA,190
2023-04,RWA,333
2023-07,RWA,324
2023-10,RWA,279
2024-01,RWA,205
2024-04,RWA,273
2024-07,RWA,85
2019-01,RUS,161783
2019-04,RUS,179301
2019-07,RUS,171246
2019-10,RUS,209389
2020-01,RUS,150856
2020-04,RUS,1737
2020-07,RUS,115146
2020-10,RUS,153736
2021-01,RUS,188553
2021-04,RUS,86672
2021-07,RUS,187737
2021-10,RUS,284324
2022-01,RUS,257999
2022-04,RUS,269668
2022-07,RUS,443824
2022-10,RUS,523533
2023-01,RUS,496129
2023-04,RUS,511708
2023-07,RUS,533578
2023-10,RUS,448811
2024-01,RUS,453940
2024-04,RUS,516159
2024-07,RUS,192018
2022-01,KNA,1221
2022-04,KNA,1751
2022-07,KNA,3301
2022-10,KNA,1841
2023-01,KNA,1381
2023-04,KNA,2233
2023-07,KNA,3560
2023-10,KNA,1900
2024-01,KNA,1595
2024-04,KNA,2665
2024-07,KNA,1180
2022-01,LCA,48
2022-04,LCA,96
2022-07,LCA,99
2022-10,LCA,92
2023-01,LCA,61
2023-04,LCA,90
2023-07,LCA,116
2023-10,LCA,80
2024-01,LCA,62
2024-04,LCA,150
2024-07,LCA,74
2022-01,VCT,11
2022-04,VCT,12
2022-07,VCT,17
2022-10,VCT,12
2023-01,VCT,10
2023-04,VCT,23
2023-07,VCT,27
2023-10,VCT,7
2024-01,VCT,10
2024-04,VCT,15
2024-07,VCT,7
2022-07,WSM,1
2023-01,WSM,2
2023-04,WSM,3
2023-07,WSM,3
2024-01,WSM,4
2024-04,WSM,2
2024-07,WSM,2
2022-01,SMR,20
2022-04,SMR,39
2022-07,SMR,40
2022-10,SMR,60
2023-01,SMR,33
2023-04,SMR,48
2023-07,SMR,33
2023-10,SMR,98
2024-01,SMR,49
2024-04,SMR,53
2024-07,SMR,33
2022-01,STP,4
2022-04,STP,7
2022-10,STP,1
2023-01,STP,6
2023-04,STP,3
2023-07,STP,7
2023-10,STP,6
2024-01,STP,3
2024-04,STP,4
2024-07,STP,1
2019-04,SEN,1015
2020-04,SEN,6
2022-01,SEN,3582
2022-04,SEN,3990
2022-07,SEN,4178
2022-10,SEN,4167
2023-01,SEN,3650
2023-04,SEN,3291
2023-07,SEN,3768
2023-10,SEN,3415
2024-01,SEN,3044
2024-04,SEN,2824
2024-07,SEN,1207
2022-01,SYC,89
2022-04,SYC,259
2022-07,SYC,521
2022-10,SYC,267
2023-01,SYC,161
2023-04,SYC,104
2023-07,SYC,212
2023-10,SYC,234
2024-01,SYC,161
2024-04,SYC,223
2024-07,SYC,93
2022-01,SLE,1465
2022-04,SLE,1410
2022-07,SLE,1537
2022-10,SLE,1340
2023-01,SLE,871
2023-04,SLE,1027
2023-07,SLE,1262
2023-10,SLE,765
2024-01,SLE,481
2024-04,SLE,614
2024-07,SLE,170
2019-04,SGP,4980
2020-04,SGP,11
2022-01,SGP,2383
2022-04,SGP,6051
2022-07,SGP,5057
2022-10,SGP,15685
2023-01,SGP,6357
2023-04,SGP,8299
2023-07,SGP,6290
2023-10,SGP,15285
2024-01,SGP,5475
2024-04,SGP,9719
2024-07,SGP,1662
2022-01,SVK,2871
2022-04,SVK,4993
2022-07,SVK,4847
2022-10,SVK,5193
2023-01,SVK,4300
2023-04,SVK,6928
2023-07,SVK,5354
2023-10,SVK,7115
2024-01,SVK,7185
2024-04,SVK,7858
2024-07,SVK,1975
2022-01,SVN,4526
2022-04,SVN,8252
2022-07,SVN,6373
2022-10,SVN,8508
2023-01,SVN,7079
2023-04,SVN,7962
2023-07,SVN,6305
2023-10,SVN,9372
2024-01,SVN,8309
2024-04,SVN,8575
2024-07,SVN,2344
2022-10,SLB,1
2023-01,SLB,1
2023-07,SLB,1
2024-04,SLB,2
2024-07,SLB,2
2019-04,SOM,1517
2019-07,SOM,4148
2019-10,SOM,6766
2020-04,SOM,119
2020-07,SOM,2944
2020-10,SOM,7752
2021-01,SOM,7222
2021-04,SOM,5599
2022-01,SOM,4218
2022-04,SOM,3571
2022-07,SOM,3520
2022-10,SOM,2455
2023-01,SOM,1912
2023-04,SOM,2146
2023-07,SOM,2556
2023-10,SOM,1721
2024-01,SOM,1386
2024-04,SOM,1774
2024-07,SOM,635
2022-01,LKA,668
2022-04,LKA,1068
2022-07,LKA,1634
2022-10,LKA,1291
2023-01,LKA,944
2023-04,LKA,1558
2023-07,LKA,2248
2023-10,LKA,1692
2024-01,LKA,1340
2024-04,LKA,2465
2024-07,LKA,963
2019-07,SDN,3873
2019-10,SDN,4446
2020-07,SDN,2555
2020-10,SDN,4213
2021-01,SDN,2718
2021-04,SDN,1300
2021-07,SDN,3340
2022-01,SDN,7373
2022-04,SDN,10447
2022-07,SDN,15495
2022-10,SDN,8410
2023-01,SDN,6125
2023-04,SDN,4553
2023-07,SDN,4896
2023-10,SDN,2976
2024-01,SDN,2958
2024-04,SDN,2941
2024-07,SDN,1415
2022-01,SUR,50
2022-04,SUR,58
2022-07,SUR,109
2022-10,SUR,68
2023-01,SUR,31
2023-04,SUR,74
2023-07,SUR,101
2023-10,SUR,92
2024-01,SUR,52
2024-04,SUR,74
2024-07,SUR,34
2019-01,SYR,36138
2019-04,SYR,44855
2019-07,SYR,58583
2019-10,SYR,42145
2020-01,SYR,32975
2020-04,SYR,742
2020-07,SYR,14195
2020-10,SYR,22181
2021-01,SYR,19807
2021-04,SYR,23209
2021-07,SYR,37183
2021-10,SYR,30744
2022-01,SYR,29591
2022-04,SYR,35409
2022-07,SYR,44667
2022-10,SYR,29309
2023-01,SYR,25577
2023-04,SYR,32035
2023-07,SYR,35841
2023-10,SYR,22342
2024-01,SYR,21898
2024-04,SYR,26330
2024-07,SYR,11672
2019-01,SAU,70323
2019-04,SAU,125212
2019-07,SAU,189478
2019-10,SAU,59878
2020-01,SAU,60433
2020-04,SAU,16
2020-07,SAU,1022
2020-10,SAU,1302
2021-01,SAU,840
2021-04,SAU,1830
2021-07,SAU,3134
2021-10,SAU,2373
2022-01,SAU,2993
2022-04,SAU,13668
2022-07,SAU,228533
2022-10,SAU,145159
2023-01,SAU,77275
2023-04,SAU,160427
2023-07,SAU,251663
2023-10,SAU,115144
2024-01,SAU,92495
2024-04,SAU,184578
2024-07,SAU,108983
2019-01,SRB,14461
2019-04,SRB,3564
2019-07,SRB,11348
2019-10,SRB,15025
2020-01,SRB,11155
2020-04,SRB,292
2020-07,SRB,7765
2020-10,SRB,8731
2021-01,SRB,5488
2021-04,SRB,7923
2021-07,SRB,7788
2021-10,SRB,15492
2022-01,SRB,15382
2022-04,SRB,20176
2022-07,SRB,12393
2022-10,SRB,15290
2023-01,SRB,14061
2023-04,SRB,15471
2023-07,SRB,11723
2023-10,SRB,16910
2024-01,SRB,16696
2024-04,SRB,16363
2024-07,SRB,3912
2019-01,TJK,7443
2019-04,TJK,2439
2020-01,TJK,6059
2020-04,TJK,9
2021-01,TJK,8183
2021-04,TJK,6369
2021-07,TJK,11149
2021-10,TJK,7822
2022-01,TJK,21226
2022-04,TJK,11668
2022-07,TJK,16668
2022-10,TJK,17463
2023-01,TJK,17708
2023-04,TJK,15802
2023-07,TJK,17938
2023-10,TJK,17414
2024-01,TJK,15285
2024-04,TJK,4086
2024-07,TJK,1357
2022-01,TZA,1598
2022-04,TZA,1627
2022-07,TZA,1808
2022-10,TZA,2201
2023-01,TZA,1235
2023-04,TZA,1291
2023-07,TZA,1585
2023-10,TZA,1406
2024-01,TZA,965
2024-04,TZA,1085
2024-07,TZA,371
2022-01,THA,2407
2022-04,THA,6719
2022-07,THA,6413
2022-10,THA,10793
2023-01,THA,7570
2023-04,THA,9420
2023-07,THA,6851
2023-10,THA,10387
2024-01,THA,7281
2024-04,THA,13247
2024-07,THA,3114
2019-01,TWN,25948
2019-04,TWN,10888
2020-01,TWN,12154
2020-04,TWN,3
2022-01,TWN,707
2022-04,TWN,1439
2022-07,TWN,2816
2022-10,TWN,5391
2023-01,TWN,8793
2023-04,TWN,10172
2023-07,TWN,13308
2023-10,TWN,13648
2024-01,TWN,14386
2024-04,TWN,17765
2024-07,TWN,5940
2022-01,TGO,333
2022-04,TGO,322
2022-07,TGO,352
2022-10,TGO,302
2023-01,TGO,224
2023-04,TGO,246
2023-07,TGO,342
2023-10,TGO,199
2024-01,TGO,127
2024-04,TGO,108
2024-07,TGO,75
2022-04,TON,2
2022-10,TON,1
2023-04,TON,1
2023-07,TON,4
2023-10,TON,5
2024-01,TON,2
2024-04,TON,2
2022-01,TTO,121
2022-04,TTO,188
2022-07,TTO,298
2022-10,TTO,353
2023-01,TTO,231
2023-04,TTO,327
2023-07,TTO,409
2023-10,TTO,364
2024-01,TTO,286
2024-04,TTO,378
2024-07,TTO,159
2019-01,TUN,39692
2019-04,TUN,34409
2019-07,TUN,47069
2019-10,TUN,45907
2020-01,TUN,34325
2020-04,TUN,49
2020-07,TUN,7768
2020-10,TUN,14636
2021-01,TUN,17115
2021-04,TUN,16515
2021-07,TUN,34519
2021-10,TUN,51044
2022-01,TUN,47984
2022-04,TUN,41883
2022-07,TUN,52234
2022-10,TUN,49579
2023-01,TUN,36111
2023-04,TUN,35649
2023-07,TUN,51525
2023-10,TUN,43394
2024-01,TUN,37619
2024-04,TUN,40770
2024-07,TUN,17610
2022-04,TUV,2
2022-07,TUV,1
2022-10,TUV,1
2023-01,TUV,1
2023-04,TUV,2
2023-07,TUV,1
2024-01,TUV,1
2024-04,TUV,5
2024-07,TUV,1
2019-01,TKM,40253
2019-04,TKM,46702
2019-07,TKM,62400
2020-01,TKM,33180
2020-04,TKM,104
2020-07,TKM,2044
2022-01,TKM,5267
2022-04,TKM,5748
2022-07,TKM,11088
2022-10,TKM,14119
2023-01,TKM,17290
2023-04,TKM,24428
2023-07,TKM,38457
2023-10,TKM,30161
2024-01,TKM,29342
2024-04,TKM,33970
2024-07,TKM,15020
2022-01,UGA,1765
2022-04,UGA,1742
2022-07,UGA,1671
2022-10,UGA,1943
2023-01,UGA,1616
2023-04,UGA,1767
2023-07,UGA,1905
2023-10,UGA,1731
2024-01,UGA,1469
2024-04,UGA,1781
2024-07,UGA,586
2019-01,UKR,83269
2019-04,UKR,87906
2019-07,UKR,79370
2019-10,UKR,81231
2020-01,UKR,59523
2020-04,UKR,1852
2020-07,UKR,68275
2020-10,UKR,70257
2021-01,UKR,72659
2021-04,UKR,96454
2021-07,UKR,84590
2021-10,UKR,87118
2022-01,UKR,74333
2022-04,UKR,45816
2022-07,UKR,42678
2022-10,UKR,45804
2023-01,UKR,48332
2023-04,UKR,48918
2023-07,UKR,49179
2023-10,UKR,50186
2024-01,UKR,52929
2024-04,UKR,55397
2024-07,UKR,18710
2019-01,OMN,5436
2020-01,OMN,5536
2021-01,OMN,1366
2021-04,OMN,3392
2021-07,OMN,20076
2021-10,OMN,17206
2022-01,OMN,15180
2022-04,OMN,18645
2022-07,OMN,26766
2022-10,OMN,10620
2023-01,OMN,10576
2023-04,OMN,13474
2023-07,OMN,16484
2023-10,OMN,6902
2024-01,OMN,10360
2024-04,OMN,12836
2024-07,OMN,5801
2022-01,URY,681
2022-04,URY,1624
2022-07,URY,1736
2022-10,URY,1293
2023-01,URY,696
2023-04,URY,2370
2023-07,URY,1859
2023-10,URY,1003
2024-01,URY,853
2024-04,URY,1576
2024-07,URY,703
2022-01,VUT,57
2022-04,VUT,110
2022-07,VUT,87
2022-10,VUT,85
2023-01,VUT,70
2023-04,VUT,103
2023-07,VUT,89
2023-10,VUT,72
2024-01,VUT,89
2024-04,VUT,80
2024-07,VUT,26
2022-01,VAT,3
2022-04,VAT,7
2022-07,VAT,5
2022-10,VAT,8
2023-01,VAT,6
2023-04,VAT,3
2023-07,VAT,10
2023-10,VAT,7
2024-01,VAT,4
2024-04,VAT,12
2024-07,VAT,1
2022-01,VEN,3724
2022-04,VEN,4119
2022-07,VEN,4855
2022-10,VEN,4174
2023-01,VEN,3281
2023-04,VEN,4731
2023-07,VEN,6868
2023-10,VEN,5704
2024-01,VEN,5403
2024-04,VEN,6077
2024-07,VEN,2318
2022-01,VNM,461
2022-04,VNM,1070
2022-07,VNM,1012
2022-10,VNM,1032
2023-01,VNM,660
2023-04,VNM,1018
2023-07,VNM,1164
2023-10,VNM,1374
2024-01,VNM,961
2024-04,VNM,2260
2024-07,VNM,688
2021-01,YEM,1980
2022-01,YEM,5601
2022-04,YEM,6838
2022-07,YEM,11786
2022-10,YEM,7863
2023-01,YEM,6110
2023-04,YEM,8854
2023-07,YEM,10935
2023-10,YEM,6545
2024-01,YEM,5605
2024-04,YEM,7783
2024-07,YEM,3015
2022-01,NZL,940
2022-04,NZL,2604
2022-07,NZL,4380
2022-10,NZL,2895
2023-01,NZL,2096
2023-04,NZL,6146
2023-07,NZL,8616
2023-10,NZL,4303
2024-01,NZL,2539
2024-04,NZL,7135
2024-07,NZL,2952
2019-01,GRC,28183
2019-04,GRC,27433
2019-07,GRC,5986
2020-01,GRC,21170
2020-04,GRC,247
2020-07,GRC,618
2021-04,GRC,4672
2021-07,GRC,8054
2021-10,GRC,17913
2022-01,GRC,17165
2022-04,GRC,23133
2022-07,GRC,17527
2022-10,GRC,25284
2023-01,GRC,23427
2023-04,GRC,22984
2023-07,GRC,20158
2023-10,GRC,35447
2024-01,GRC,37854
2024-04,GRC,28996
2024-07,GRC,6222
2022-01,ZMB,274
2022-04,ZMB,284
2022-07,ZMB,340
2022-10,ZMB,342
2023-01,ZMB,176
2023-04,ZMB,202
2023-07,ZMB,338
2023-10,ZMB,197
2024-01,ZMB,156
2024-04,ZMB,193
2024-07,ZMB,67
2022-01,ZWE,621
2022-04,ZWE,878
2022-07,ZWE,813
2022-10,ZWE,722
2023-01,ZWE,552
2023-04,ZWE,595
2023-07,ZWE,673
2023-10,ZWE,562
2024-01,ZWE,445
2024-04,ZWE,524
2024-07,ZWE,179
2022-01,TCD,1659
2022-04,TCD,1458
2022-07,TCD,2098
2022-10,TCD,1569
2023-01,TCD,1326
2023-04,TCD,1005
2023-07,TCD,1667
2023-10,TCD,1409
2024-01,TCD,1037
2024-04,TCD,873
2024-07,TCD,381
2021-01,CZW,881
2022-01,CZW,6569
2022-04,CZW,10151
2022-07,CZW,9295
2022-10,CZW,10562
2023-01,CZW,8970
2023-04,CZW,10732
2023-07,CZW,9879
2023-10,CZW,12382
2024-01,CZW,11975
2024-04,CZW,11137
2024-07,CZW,3144
2019-01,CHN,50211
2019-04,CHN,106771
2019-07,CHN,115786
2019-10,CHN,77569
2020-01,CHN,25667
2020-04,CHN,108
2020-07,CHN,3530
2020-10,CHN,5133
2021-01,CHN,6498
2021-04,CHN,4002
2021-10,CHN,6997
2022-01,CHN,8820
2022-04,CHN,18899
2022-07,CHN,21218
2022-10,CHN,23124
2023-01,CHN,28685
2023-04,CHN,50505
2023-07,CHN,72295
2023-10,CHN,69715
2024-01,CHN,72470
2024-04,CHN,99641
2024-07,CHN,38950
2019-01,UZB,47827
2019-04,UZB,57498
2019-07,UZB,68903
2019-10,UZB,56503
2020-01,UZB,45644
2020-04,UZB,305
2020-07,UZB,12161
2020-10,UZB,34110
2021-01,UZB,38938
2021-04,UZB,41924
2021-07,UZB,81301
2021-10,UZB,75260
2022-01,UZB,73622
2022-04,UZB,91024
2022-07,UZB,108812
2022-10,UZB,88223
2023-01,UZB,80629
2023-04,UZB,97521
2023-07,UZB,119197
2023-10,UZB,92412
2024-01,UZB,87973
2024-04,UZB,115862
2024-07,UZB,51292
2019-01,JOR,48921
2019-04,JOR,76429
2019-07,JOR,137182
2019-10,JOR,62979
2020-01,JOR,38493
2020-04,JOR,395
2020-07,JOR,12321
2020-10,JOR,26417
2021-01,JOR,19624
2021-04,JOR,32824
2021-07,JOR,102221
2021-10,JOR,64420
2022-01,JOR,48792
2022-04,JOR,75984
2022-07,JOR,135415
2022-10,JOR,64514
2023-01,JOR,42169
2023-04,JOR,62872
2023-07,JOR,96343
2023-10,JOR,36698
2024-01,JOR,33840
2024-04,JOR,61042
2024-07,JOR,29709
2019-01,IRN,208923
2019-04,IRN,207139
2019-07,IRN,269499
2019-10,IRN,235577
2020-01,IRN,135830
2020-04,IRN,1036
2020-07,IRN,26137
2020-10,IRN,70118
2021-01,IRN,118931
2021-04,IRN,112481
2021-07,IRN,269319
2021-10,IRN,281273
2022-01,IRN,253521
2022-04,IRN,286037
2022-07,IRN,305465
2022-10,IRN,252970
2023-01,IRN,220036
2023-04,IRN,239576
2023-07,IRN,310499
2023-10,IRN,283527
2024-01,IRN,264137
2024-04,IRN,261198
2024-07,IRN,101146
2019-04,IRL,3394
2019-07,IRL,7222
2020-04,IRL,162
2020-07,IRL,1963
2022-01,IRL,9202
2022-04,IRL,12320
2022-07,IRL,14360
2022-10,IRL,10667
2023-01,IRL,9548
2023-04,IRL,13051
2023-07,IRL,15259
2023-10,IRL,10886
2024-01,IRL,10259
2024-04,IRL,13245
2024-07,IRL,4696
2019-01,ESP,36435
2019-04,ESP,51583
2019-07,ESP,65585
2019-10,ESP,57130
2020-01,ESP,30497
2020-04,ESP,184
2020-07,ESP,9397
2020-10,ESP,10333
2021-01,ESP,8738
2021-04,ESP,11826
2021-07,ESP,30884
2021-10,ESP,42593
2022-01,ESP,32692
2022-04,ESP,55766
2022-07,ESP,82972
2022-10,ESP,69226
2023-01,ESP,42360
2023-04,ESP,61634
2023-07,ESP,77792
2023-10,ESP,70205
2024-01,ESP,58170
2024-04,ESP,66459
2024-07,ESP,29719
2019-01,ISR,56636
2019-04,ISR,75974
2019-07,ISR,90221
2019-10,ISR,84896
2020-01,ISR,52487
2020-04,ISR,327
2020-07,ISR,21838
2020-10,ISR,32506
2021-01,ISR,10850
2021-04,ISR,27509
2021-07,ISR,39757
2021-10,ISR,93826
2022-01,ISR,86729
2022-04,ISR,110466
2022-07,ISR,128372
2022-10,ISR,147996
2023-01,ISR,103639
2023-04,ISR,121634
2023-07,ISR,133560
2023-10,ISR,19671
2024-01,ISR,9967
2024-04,ISR,13393
2024-07,ISR,5384
2019-01,SWE,31346
2019-04,SWE,50741
2019-07,SWE,50601
2019-10,SWE,37865
2020-01,SWE,23541
2020-04,SWE,1364
2020-07,SWE,21038
2020-10,SWE,20436
2021-01,SWE,12028
2021-04,SWE,22837
2021-07,SWE,44047
2021-10,SWE,37810
2022-01,SWE,32015
2022-04,SWE,47327
2022-07,SWE,47879
2022-10,SWE,33400
2023-01,SWE,28732
2023-04,SWE,39532
2023-07,SWE,44604
2023-10,SWE,34881
2024-01,SWE,33807
2024-04,SWE,44768
2024-07,SWE,19006
2019-01,CHE,23608
2019-04,CHE,26055
2019-07,CHE,40191
2019-10,CHE,34558
2020-01,CHE,19315
2020-04,CHE,1190
2020-07,CHE,18804
2020-10,CHE,18909
2021-01,CHE,11662
2021-04,CHE,13742
2021-07,CHE,37530
2021-10,CHE,33614
2022-01,CHE,26826
2022-04,CHE,42677
2022-07,CHE,45051
2022-10,CHE,37943
2023-01,CHE,26536
2023-04,CHE,39457
2023-07,CHE,47349
2023-10,CHE,39617
2024-01,CHE,32906
2024-04,CHE,46694
2024-07,CHE,20626
2019-01,ITA,55030
2019-04,ITA,71215
2019-07,ITA,86123
2019-10,ITA,72051
2020-01,ITA,35846
2020-04,ITA,413
2020-07,ITA,12929
2020-10,ITA,12974
2021-01,ITA,13418
2021-04,ITA,14793
2021-07,ITA,29769
2021-10,ITA,37305
2022-01,ITA,33669
2022-04,ITA,68176
2022-07,ITA,104287
2022-10,ITA,96086
2023-01,ITA,66221
2023-04,ITA,116423
2023-07,ITA,124324
2023-10,ITA,124630
2024-01,ITA,87769
2024-04,ITA,116766
2024-07,ITA,42517
2022-01,ISL,229
2022-04,ISL,482
2022-07,ISL,531
2022-10,ISL,361
2023-01,ISL,334
2023-04,ISL,493
2023-07,ISL,511
2023-10,ISL,496
2024-01,ISL,440
2024-04,ISL,570
2024-07,ISL,298
2019-04,CHL,2151
2020-04,CHL,4
2022-01,CHL,1963
2022-04,CHL,3621
2022-07,CHL,4068
2022-10,CHL,3598
2023-01,CHL,3195
2023-04,CHL,5664
2023-07,CHL,5452
2023-10,CHL,4374
2024-01,CHL,3108
2024-04,CHL,5679
2024-07,CHL,1384
